"","Animal","ContainerType","Size","Probability","Adjective","DefArtMeaning","Context","Condition","Model","ListenerLevel","cmpHighScopeConstrualProb","posHighScopeConstrualProb","allowUninformativeThresholds","Container"
"2","rabbit","box","2",0.530509621175767,"big","bumford","cco",4,"haddock_model.wppl",1,0,0,"allow","box2"
"1","rabbit","bag","2",0.469490378824233,"big","bumford","cco",4,"haddock_model.wppl",1,0,0,"allow","bag2"
"21","rabbit","box","2",0.633620689655172,"bigger","bumford","cco",4,"haddock_model.wppl",1,0,0,"allow","box2"
"11","rabbit","bag","2",0.366379310344828,"bigger","bumford","cco",4,"haddock_model.wppl",1,0,0,"allow","bag2"
"22","rabbit","box","2",0.526268362150698,"big","bumford","no-cc",4,"haddock_model.wppl",1,0,0,"allow","box2"
"12","rabbit","bag","2",0.473731637849302,"big","bumford","no-cc",4,"haddock_model.wppl",1,0,0,"allow","bag2"
"13","rabbit","box","2",1,"bigger","bumford","no-cc",4,"haddock_model.wppl",1,0,0,"allow","box2"
"23","rabbit","box","2",0.544838636751229,"big","standard","cco",4,"haddock_model.wppl",1,0,0,"allow","box2"
"14","rabbit","bag","2",0.455161363248771,"big","standard","cco",4,"haddock_model.wppl",1,0,0,"allow","bag2"
"24","rabbit","box","2",0.684146032125659,"bigger","standard","cco",4,"haddock_model.wppl",1,0,0,"allow","box2"
"15","rabbit","bag","2",0.315853967874341,"bigger","standard","cco",4,"haddock_model.wppl",1,0,0,"allow","bag2"
"16","rabbit","box","2",1,"big","standard","no-cc",4,"haddock_model.wppl",1,0,0,"allow","box2"
"17","rabbit","box","2",1,"bigger","standard","no-cc",4,"haddock_model.wppl",1,0,0,"allow","box2"
"25","rabbit","box","2",0.500714890791611,"big","bumford","cco",4,"haddock_model.wppl",2,0,0,"allow","box2"
"18","rabbit","bag","2",0.499285109208389,"big","bumford","cco",4,"haddock_model.wppl",2,0,0,"allow","bag2"
"26","rabbit","box","2",0.502020527049302,"big","bumford","no-cc",4,"haddock_model.wppl",2,0,0,"allow","box2"
"19","rabbit","bag","2",0.497979472950698,"big","bumford","no-cc",4,"haddock_model.wppl",2,0,0,"allow","bag2"
"27","rabbit","box","2",0.507080868104581,"big","standard","cco",4,"haddock_model.wppl",2,0,0,"allow","box2"
"110","rabbit","bag","2",0.492919131895419,"big","standard","cco",4,"haddock_model.wppl",2,0,0,"allow","bag2"
"111","rabbit","box","2",1,"big","standard","no-cc",4,"haddock_model.wppl",2,0,0,"allow","box2"
"28","rabbit","box","2",0.517040595245548,"big","bumford","cco",4,"haddock_model.wppl",1,0,0.5,"allow","box2"
"112","rabbit","bag","2",0.482959404754452,"big","bumford","cco",4,"haddock_model.wppl",1,0,0.5,"allow","bag2"
"29","rabbit","box","2",0.633620689655172,"bigger","bumford","cco",4,"haddock_model.wppl",1,0,0.5,"allow","box2"
"113","rabbit","bag","2",0.366379310344828,"bigger","bumford","cco",4,"haddock_model.wppl",1,0,0.5,"allow","bag2"
"114","rabbit","bag","2",0.507089802850483,"big","bumford","no-cc",4,"haddock_model.wppl",1,0,0.5,"allow","bag2"
"210","rabbit","box","2",0.492910197149517,"big","bumford","no-cc",4,"haddock_model.wppl",1,0,0.5,"allow","box2"
"115","rabbit","box","2",1,"bigger","bumford","no-cc",4,"haddock_model.wppl",1,0,0.5,"allow","box2"
"211","rabbit","box","2",0.58576350062161,"big","standard","cco",4,"haddock_model.wppl",1,0,0.5,"allow","box2"
"116","rabbit","bag","2",0.41423649937839,"big","standard","cco",4,"haddock_model.wppl",1,0,0.5,"allow","bag2"
"212","rabbit","box","2",0.659256124385607,"bigger","standard","cco",4,"haddock_model.wppl",1,0,0.5,"allow","box2"
"117","rabbit","bag","2",0.340743875614394,"bigger","standard","cco",4,"haddock_model.wppl",1,0,0.5,"allow","bag2"
"118","rabbit","box","2",1,"big","standard","no-cc",4,"haddock_model.wppl",1,0,0.5,"allow","box2"
"119","rabbit","box","2",1,"bigger","standard","no-cc",4,"haddock_model.wppl",1,0,0.5,"allow","box2"
"213","rabbit","box","2",0.500360429566159,"big","bumford","cco",4,"haddock_model.wppl",2,0,0.5,"allow","box2"
"120","rabbit","bag","2",0.499639570433841,"big","bumford","cco",4,"haddock_model.wppl",2,0,0.5,"allow","bag2"
"214","rabbit","box","2",0.501032198752816,"big","bumford","no-cc",4,"haddock_model.wppl",2,0,0.5,"allow","box2"
"121","rabbit","bag","2",0.498967801247184,"big","bumford","no-cc",4,"haddock_model.wppl",2,0,0.5,"allow","bag2"
"215","rabbit","box","2",0.507817063761952,"big","standard","cco",4,"haddock_model.wppl",2,0,0.5,"allow","box2"
"122","rabbit","bag","2",0.492182936238048,"big","standard","cco",4,"haddock_model.wppl",2,0,0.5,"allow","bag2"
"123","rabbit","box","2",1,"big","standard","no-cc",4,"haddock_model.wppl",2,0,0.5,"allow","box2"
"216","rabbit","box","2",0.505695877058153,"big","bumford","cco",4,"haddock_model.wppl",1,0,0.9,"allow","box2"
"124","rabbit","bag","2",0.494304122941847,"big","bumford","cco",4,"haddock_model.wppl",1,0,0.9,"allow","bag2"
"217","rabbit","box","2",0.633620689655172,"bigger","bumford","cco",4,"haddock_model.wppl",1,0,0.9,"allow","box2"
"125","rabbit","bag","2",0.366379310344828,"bigger","bumford","cco",4,"haddock_model.wppl",1,0,0.9,"allow","bag2"
"126","rabbit","bag","2",0.537360726464424,"big","bumford","no-cc",4,"haddock_model.wppl",1,0,0.9,"allow","bag2"
"218","rabbit","box","2",0.462639273535576,"big","bumford","no-cc",4,"haddock_model.wppl",1,0,0.9,"allow","box2"
"127","rabbit","box","2",1,"bigger","bumford","no-cc",4,"haddock_model.wppl",1,0,0.9,"allow","box2"
"219","rabbit","box","2",0.617205948993296,"big","standard","cco",4,"haddock_model.wppl",1,0,0.9,"allow","box2"
"128","rabbit","bag","2",0.382794051006704,"big","standard","cco",4,"haddock_model.wppl",1,0,0.9,"allow","bag2"
"220","rabbit","box","2",0.638809021773526,"bigger","standard","cco",4,"haddock_model.wppl",1,0,0.9,"allow","box2"
"129","rabbit","bag","2",0.361190978226474,"bigger","standard","cco",4,"haddock_model.wppl",1,0,0.9,"allow","bag2"
"130","rabbit","box","2",1,"big","standard","no-cc",4,"haddock_model.wppl",1,0,0.9,"allow","box2"
"131","rabbit","box","2",1,"bigger","standard","no-cc",4,"haddock_model.wppl",1,0,0.9,"allow","box2"
"221","rabbit","box","2",0.500072945788976,"big","bumford","cco",4,"haddock_model.wppl",2,0,0.9,"allow","box2"
"132","rabbit","bag","2",0.499927054211024,"big","bumford","cco",4,"haddock_model.wppl",2,0,0.9,"allow","bag2"
"222","rabbit","box","2",0.500218290394914,"big","bumford","no-cc",4,"haddock_model.wppl",2,0,0.9,"allow","box2"
"133","rabbit","bag","2",0.499781709605086,"big","bumford","no-cc",4,"haddock_model.wppl",2,0,0.9,"allow","bag2"
"223","rabbit","box","2",0.508364807390705,"big","standard","cco",4,"haddock_model.wppl",2,0,0.9,"allow","box2"
"134","rabbit","bag","2",0.491635192609295,"big","standard","cco",4,"haddock_model.wppl",2,0,0.9,"allow","bag2"
"135","rabbit","box","2",1,"big","standard","no-cc",4,"haddock_model.wppl",2,0,0.9,"allow","box2"
"224","rabbit","box","2",0.502775928241254,"big","bumford","cco",4,"haddock_model.wppl",1,0,1,"allow","box2"
"136","rabbit","bag","2",0.497224071758747,"big","bumford","cco",4,"haddock_model.wppl",1,0,1,"allow","bag2"
"225","rabbit","box","2",0.633620689655172,"bigger","bumford","cco",4,"haddock_model.wppl",1,0,1,"allow","box2"
"137","rabbit","bag","2",0.366379310344828,"bigger","bumford","cco",4,"haddock_model.wppl",1,0,1,"allow","bag2"
"138","rabbit","bag","2",0.545501710826003,"big","bumford","no-cc",4,"haddock_model.wppl",1,0,1,"allow","bag2"
"226","rabbit","box","2",0.454498289173997,"big","bumford","no-cc",4,"haddock_model.wppl",1,0,1,"allow","box2"
"139","rabbit","box","2",1,"bigger","bumford","no-cc",4,"haddock_model.wppl",1,0,1,"allow","box2"
"227","rabbit","box","2",0.624894260507246,"big","standard","cco",4,"haddock_model.wppl",1,0,1,"allow","box2"
"140","rabbit","bag","2",0.375105739492754,"big","standard","cco",4,"haddock_model.wppl",1,0,1,"allow","bag2"
"228","rabbit","box","2",0.633620689655172,"bigger","standard","cco",4,"haddock_model.wppl",1,0,1,"allow","box2"
"141","rabbit","bag","2",0.366379310344828,"bigger","standard","cco",4,"haddock_model.wppl",1,0,1,"allow","bag2"
"142","rabbit","box","2",1,"big","standard","no-cc",4,"haddock_model.wppl",1,0,1,"allow","box2"
"143","rabbit","box","2",1,"bigger","standard","no-cc",4,"haddock_model.wppl",1,0,1,"allow","box2"
"144","rabbit","bag","2",0.5,"big","bumford","cco",4,"haddock_model.wppl",2,0,1,"allow","bag2"
"229","rabbit","box","2",0.5,"big","bumford","cco",4,"haddock_model.wppl",2,0,1,"allow","box2"
"145","rabbit","bag","2",0.5,"big","bumford","no-cc",4,"haddock_model.wppl",2,0,1,"allow","bag2"
"230","rabbit","box","2",0.5,"big","bumford","no-cc",4,"haddock_model.wppl",2,0,1,"allow","box2"
"231","rabbit","box","2",0.508498691429726,"big","standard","cco",4,"haddock_model.wppl",2,0,1,"allow","box2"
"146","rabbit","bag","2",0.491501308570274,"big","standard","cco",4,"haddock_model.wppl",2,0,1,"allow","bag2"
"147","rabbit","box","2",1,"big","standard","no-cc",4,"haddock_model.wppl",2,0,1,"allow","box2"
"232","rabbit","box","2",0.530710199565553,"big","bumford","cco",4,"haddock_model.wppl",1,0.5,0,"allow","box2"
"148","rabbit","bag","2",0.469289800434447,"big","bumford","cco",4,"haddock_model.wppl",1,0.5,0,"allow","bag2"
"233","rabbit","box","2",0.633620689655172,"bigger","bumford","cco",4,"haddock_model.wppl",1,0.5,0,"allow","box2"
"149","rabbit","bag","2",0.366379310344828,"bigger","bumford","cco",4,"haddock_model.wppl",1,0.5,0,"allow","bag2"
"234","rabbit","box","2",0.549978599545423,"big","bumford","no-cc",4,"haddock_model.wppl",1,0.5,0,"allow","box2"
"150","rabbit","bag","2",0.450021400454577,"big","bumford","no-cc",4,"haddock_model.wppl",1,0.5,0,"allow","bag2"
"151","rabbit","box","2",1,"bigger","bumford","no-cc",4,"haddock_model.wppl",1,0.5,0,"allow","box2"
"235","rabbit","box","2",0.544838636751229,"big","standard","cco",4,"haddock_model.wppl",1,0.5,0,"allow","box2"
"152","rabbit","bag","2",0.455161363248771,"big","standard","cco",4,"haddock_model.wppl",1,0.5,0,"allow","bag2"
"236","rabbit","box","2",0.684146032125659,"bigger","standard","cco",4,"haddock_model.wppl",1,0.5,0,"allow","box2"
"153","rabbit","bag","2",0.315853967874341,"bigger","standard","cco",4,"haddock_model.wppl",1,0.5,0,"allow","bag2"
"154","rabbit","box","2",1,"big","standard","no-cc",4,"haddock_model.wppl",1,0.5,0,"allow","box2"
"155","rabbit","box","2",1,"bigger","standard","no-cc",4,"haddock_model.wppl",1,0.5,0,"allow","box2"
"237","rabbit","box","2",0.500714890791611,"big","bumford","cco",4,"haddock_model.wppl",2,0.5,0,"allow","box2"
"156","rabbit","bag","2",0.499285109208389,"big","bumford","cco",4,"haddock_model.wppl",2,0.5,0,"allow","bag2"
"238","rabbit","box","2",0.502020527049302,"big","bumford","no-cc",4,"haddock_model.wppl",2,0.5,0,"allow","box2"
"157","rabbit","bag","2",0.497979472950698,"big","bumford","no-cc",4,"haddock_model.wppl",2,0.5,0,"allow","bag2"
"239","rabbit","box","2",0.507080868104581,"big","standard","cco",4,"haddock_model.wppl",2,0.5,0,"allow","box2"
"158","rabbit","bag","2",0.492919131895419,"big","standard","cco",4,"haddock_model.wppl",2,0.5,0,"allow","bag2"
"159","rabbit","box","2",1,"big","standard","no-cc",4,"haddock_model.wppl",2,0.5,0,"allow","box2"
"240","rabbit","box","2",0.516469189326115,"big","bumford","cco",4,"haddock_model.wppl",1,0.5,0.5,"allow","box2"
"160","rabbit","bag","2",0.483530810673885,"big","bumford","cco",4,"haddock_model.wppl",1,0.5,0.5,"allow","bag2"
"241","rabbit","box","2",0.633620689655172,"bigger","bumford","cco",4,"haddock_model.wppl",1,0.5,0.5,"allow","box2"
"161","rabbit","bag","2",0.366379310344828,"bigger","bumford","cco",4,"haddock_model.wppl",1,0.5,0.5,"allow","bag2"
"242","rabbit","box","2",0.516756931273118,"big","bumford","no-cc",4,"haddock_model.wppl",1,0.5,0.5,"allow","box2"
"162","rabbit","bag","2",0.483243068726882,"big","bumford","no-cc",4,"haddock_model.wppl",1,0.5,0.5,"allow","bag2"
"163","rabbit","box","2",1,"bigger","bumford","no-cc",4,"haddock_model.wppl",1,0.5,0.5,"allow","box2"
"243","rabbit","box","2",0.58576350062161,"big","standard","cco",4,"haddock_model.wppl",1,0.5,0.5,"allow","box2"
"164","rabbit","bag","2",0.41423649937839,"big","standard","cco",4,"haddock_model.wppl",1,0.5,0.5,"allow","bag2"
"244","rabbit","box","2",0.659256124385607,"bigger","standard","cco",4,"haddock_model.wppl",1,0.5,0.5,"allow","box2"
"165","rabbit","bag","2",0.340743875614394,"bigger","standard","cco",4,"haddock_model.wppl",1,0.5,0.5,"allow","bag2"
"166","rabbit","box","2",1,"big","standard","no-cc",4,"haddock_model.wppl",1,0.5,0.5,"allow","box2"
"167","rabbit","box","2",1,"bigger","standard","no-cc",4,"haddock_model.wppl",1,0.5,0.5,"allow","box2"
"245","rabbit","box","2",0.500360429566159,"big","bumford","cco",4,"haddock_model.wppl",2,0.5,0.5,"allow","box2"
"168","rabbit","bag","2",0.499639570433841,"big","bumford","cco",4,"haddock_model.wppl",2,0.5,0.5,"allow","bag2"
"246","rabbit","box","2",0.501032198752816,"big","bumford","no-cc",4,"haddock_model.wppl",2,0.5,0.5,"allow","box2"
"169","rabbit","bag","2",0.498967801247184,"big","bumford","no-cc",4,"haddock_model.wppl",2,0.5,0.5,"allow","bag2"
"247","rabbit","box","2",0.507817063761952,"big","standard","cco",4,"haddock_model.wppl",2,0.5,0.5,"allow","box2"
"170","rabbit","bag","2",0.492182936238048,"big","standard","cco",4,"haddock_model.wppl",2,0.5,0.5,"allow","bag2"
"171","rabbit","box","2",1,"big","standard","no-cc",4,"haddock_model.wppl",2,0.5,0.5,"allow","box2"
"248","rabbit","box","2",0.50443859320071,"big","bumford","cco",4,"haddock_model.wppl",1,0.5,0.9,"allow","box2"
"172","rabbit","bag","2",0.49556140679929,"big","bumford","cco",4,"haddock_model.wppl",1,0.5,0.9,"allow","bag2"
"249","rabbit","box","2",0.633620689655172,"bigger","bumford","cco",4,"haddock_model.wppl",1,0.5,0.9,"allow","box2"
"173","rabbit","bag","2",0.366379310344828,"bigger","bumford","cco",4,"haddock_model.wppl",1,0.5,0.9,"allow","bag2"
"174","rabbit","bag","2",0.513573669095385,"big","bumford","no-cc",4,"haddock_model.wppl",1,0.5,0.9,"allow","bag2"
"250","rabbit","box","2",0.486426330904614,"big","bumford","no-cc",4,"haddock_model.wppl",1,0.5,0.9,"allow","box2"
"175","rabbit","box","2",1,"bigger","bumford","no-cc",4,"haddock_model.wppl",1,0.5,0.9,"allow","box2"
"251","rabbit","box","2",0.617205948993296,"big","standard","cco",4,"haddock_model.wppl",1,0.5,0.9,"allow","box2"
"176","rabbit","bag","2",0.382794051006704,"big","standard","cco",4,"haddock_model.wppl",1,0.5,0.9,"allow","bag2"
"252","rabbit","box","2",0.638809021773526,"bigger","standard","cco",4,"haddock_model.wppl",1,0.5,0.9,"allow","box2"
"177","rabbit","bag","2",0.361190978226474,"bigger","standard","cco",4,"haddock_model.wppl",1,0.5,0.9,"allow","bag2"
"178","rabbit","box","2",1,"big","standard","no-cc",4,"haddock_model.wppl",1,0.5,0.9,"allow","box2"
"179","rabbit","box","2",1,"bigger","standard","no-cc",4,"haddock_model.wppl",1,0.5,0.9,"allow","box2"
"253","rabbit","box","2",0.500072945788976,"big","bumford","cco",4,"haddock_model.wppl",2,0.5,0.9,"allow","box2"
"180","rabbit","bag","2",0.499927054211024,"big","bumford","cco",4,"haddock_model.wppl",2,0.5,0.9,"allow","bag2"
"254","rabbit","box","2",0.500218290394914,"big","bumford","no-cc",4,"haddock_model.wppl",2,0.5,0.9,"allow","box2"
"181","rabbit","bag","2",0.499781709605086,"big","bumford","no-cc",4,"haddock_model.wppl",2,0.5,0.9,"allow","bag2"
"255","rabbit","box","2",0.508364807390705,"big","standard","cco",4,"haddock_model.wppl",2,0.5,0.9,"allow","box2"
"182","rabbit","bag","2",0.491635192609295,"big","standard","cco",4,"haddock_model.wppl",2,0.5,0.9,"allow","bag2"
"183","rabbit","box","2",1,"big","standard","no-cc",4,"haddock_model.wppl",2,0.5,0.9,"allow","box2"
"256","rabbit","box","2",0.501336818085354,"big","bumford","cco",4,"haddock_model.wppl",1,0.5,1,"allow","box2"
"184","rabbit","bag","2",0.498663181914646,"big","bumford","cco",4,"haddock_model.wppl",1,0.5,1,"allow","bag2"
"257","rabbit","box","2",0.633620689655172,"bigger","bumford","cco",4,"haddock_model.wppl",1,0.5,1,"allow","box2"
"185","rabbit","bag","2",0.366379310344828,"bigger","bumford","cco",4,"haddock_model.wppl",1,0.5,1,"allow","bag2"
"186","rabbit","bag","2",0.521760706058556,"big","bumford","no-cc",4,"haddock_model.wppl",1,0.5,1,"allow","bag2"
"258","rabbit","box","2",0.478239293941444,"big","bumford","no-cc",4,"haddock_model.wppl",1,0.5,1,"allow","box2"
"187","rabbit","box","2",1,"bigger","bumford","no-cc",4,"haddock_model.wppl",1,0.5,1,"allow","box2"
"259","rabbit","box","2",0.624894260507246,"big","standard","cco",4,"haddock_model.wppl",1,0.5,1,"allow","box2"
"188","rabbit","bag","2",0.375105739492754,"big","standard","cco",4,"haddock_model.wppl",1,0.5,1,"allow","bag2"
"260","rabbit","box","2",0.633620689655172,"bigger","standard","cco",4,"haddock_model.wppl",1,0.5,1,"allow","box2"
"189","rabbit","bag","2",0.366379310344828,"bigger","standard","cco",4,"haddock_model.wppl",1,0.5,1,"allow","bag2"
"190","rabbit","box","2",1,"big","standard","no-cc",4,"haddock_model.wppl",1,0.5,1,"allow","box2"
"191","rabbit","box","2",1,"bigger","standard","no-cc",4,"haddock_model.wppl",1,0.5,1,"allow","box2"
"192","rabbit","bag","2",0.5,"big","bumford","cco",4,"haddock_model.wppl",2,0.5,1,"allow","bag2"
"261","rabbit","box","2",0.5,"big","bumford","cco",4,"haddock_model.wppl",2,0.5,1,"allow","box2"
"193","rabbit","bag","2",0.5,"big","bumford","no-cc",4,"haddock_model.wppl",2,0.5,1,"allow","bag2"
"262","rabbit","box","2",0.5,"big","bumford","no-cc",4,"haddock_model.wppl",2,0.5,1,"allow","box2"
"263","rabbit","box","2",0.508498691429726,"big","standard","cco",4,"haddock_model.wppl",2,0.5,1,"allow","box2"
"194","rabbit","bag","2",0.491501308570274,"big","standard","cco",4,"haddock_model.wppl",2,0.5,1,"allow","bag2"
"195","rabbit","box","2",1,"big","standard","no-cc",4,"haddock_model.wppl",2,0.5,1,"allow","box2"
"264","rabbit","box","2",0.530859456474367,"big","bumford","cco",4,"haddock_model.wppl",1,0.9,0,"allow","box2"
"196","rabbit","bag","2",0.469140543525633,"big","bumford","cco",4,"haddock_model.wppl",1,0.9,0,"allow","bag2"
"265","rabbit","box","2",0.633620689655172,"bigger","bumford","cco",4,"haddock_model.wppl",1,0.9,0,"allow","box2"
"197","rabbit","bag","2",0.366379310344828,"bigger","bumford","cco",4,"haddock_model.wppl",1,0.9,0,"allow","bag2"
"266","rabbit","box","2",0.567303735275038,"big","bumford","no-cc",4,"haddock_model.wppl",1,0.9,0,"allow","box2"
"198","rabbit","bag","2",0.432696264724962,"big","bumford","no-cc",4,"haddock_model.wppl",1,0.9,0,"allow","bag2"
"199","rabbit","box","2",1,"bigger","bumford","no-cc",4,"haddock_model.wppl",1,0.9,0,"allow","box2"
"267","rabbit","box","2",0.544838636751229,"big","standard","cco",4,"haddock_model.wppl",1,0.9,0,"allow","box2"
"1100","rabbit","bag","2",0.455161363248771,"big","standard","cco",4,"haddock_model.wppl",1,0.9,0,"allow","bag2"
"268","rabbit","box","2",0.684146032125659,"bigger","standard","cco",4,"haddock_model.wppl",1,0.9,0,"allow","box2"
"1101","rabbit","bag","2",0.315853967874341,"bigger","standard","cco",4,"haddock_model.wppl",1,0.9,0,"allow","bag2"
"1102","rabbit","box","2",1,"big","standard","no-cc",4,"haddock_model.wppl",1,0.9,0,"allow","box2"
"1103","rabbit","box","2",1,"bigger","standard","no-cc",4,"haddock_model.wppl",1,0.9,0,"allow","box2"
"269","rabbit","box","2",0.500714890791611,"big","bumford","cco",4,"haddock_model.wppl",2,0.9,0,"allow","box2"
"1104","rabbit","bag","2",0.499285109208389,"big","bumford","cco",4,"haddock_model.wppl",2,0.9,0,"allow","bag2"
"270","rabbit","box","2",0.502020527049302,"big","bumford","no-cc",4,"haddock_model.wppl",2,0.9,0,"allow","box2"
"1105","rabbit","bag","2",0.497979472950698,"big","bumford","no-cc",4,"haddock_model.wppl",2,0.9,0,"allow","bag2"
"271","rabbit","box","2",0.507080868104581,"big","standard","cco",4,"haddock_model.wppl",2,0.9,0,"allow","box2"
"1106","rabbit","bag","2",0.492919131895419,"big","standard","cco",4,"haddock_model.wppl",2,0.9,0,"allow","bag2"
"1107","rabbit","box","2",1,"big","standard","no-cc",4,"haddock_model.wppl",2,0.9,0,"allow","box2"
"272","rabbit","box","2",0.516042791380934,"big","bumford","cco",4,"haddock_model.wppl",1,0.9,0.5,"allow","box2"
"1108","rabbit","bag","2",0.483957208619066,"big","bumford","cco",4,"haddock_model.wppl",1,0.9,0.5,"allow","bag2"
"273","rabbit","box","2",0.633620689655172,"bigger","bumford","cco",4,"haddock_model.wppl",1,0.9,0.5,"allow","box2"
"1109","rabbit","bag","2",0.366379310344828,"bigger","bumford","cco",4,"haddock_model.wppl",1,0.9,0.5,"allow","bag2"
"274","rabbit","box","2",0.534278006996189,"big","bumford","no-cc",4,"haddock_model.wppl",1,0.9,0.5,"allow","box2"
"1110","rabbit","bag","2",0.465721993003811,"big","bumford","no-cc",4,"haddock_model.wppl",1,0.9,0.5,"allow","bag2"
"1111","rabbit","box","2",1,"bigger","bumford","no-cc",4,"haddock_model.wppl",1,0.9,0.5,"allow","box2"
"275","rabbit","box","2",0.58576350062161,"big","standard","cco",4,"haddock_model.wppl",1,0.9,0.5,"allow","box2"
"1112","rabbit","bag","2",0.41423649937839,"big","standard","cco",4,"haddock_model.wppl",1,0.9,0.5,"allow","bag2"
"276","rabbit","box","2",0.659256124385607,"bigger","standard","cco",4,"haddock_model.wppl",1,0.9,0.5,"allow","box2"
"1113","rabbit","bag","2",0.340743875614394,"bigger","standard","cco",4,"haddock_model.wppl",1,0.9,0.5,"allow","bag2"
"1114","rabbit","box","2",1,"big","standard","no-cc",4,"haddock_model.wppl",1,0.9,0.5,"allow","box2"
"1115","rabbit","box","2",1,"bigger","standard","no-cc",4,"haddock_model.wppl",1,0.9,0.5,"allow","box2"
"277","rabbit","box","2",0.500360429566159,"big","bumford","cco",4,"haddock_model.wppl",2,0.9,0.5,"allow","box2"
"1116","rabbit","bag","2",0.499639570433841,"big","bumford","cco",4,"haddock_model.wppl",2,0.9,0.5,"allow","bag2"
"278","rabbit","box","2",0.501032198752816,"big","bumford","no-cc",4,"haddock_model.wppl",2,0.9,0.5,"allow","box2"
"1117","rabbit","bag","2",0.498967801247184,"big","bumford","no-cc",4,"haddock_model.wppl",2,0.9,0.5,"allow","bag2"
"279","rabbit","box","2",0.507817063761952,"big","standard","cco",4,"haddock_model.wppl",2,0.9,0.5,"allow","box2"
"1118","rabbit","bag","2",0.492182936238048,"big","standard","cco",4,"haddock_model.wppl",2,0.9,0.5,"allow","bag2"
"1119","rabbit","box","2",1,"big","standard","no-cc",4,"haddock_model.wppl",2,0.9,0.5,"allow","box2"
"280","rabbit","box","2",0.503498146877256,"big","bumford","cco",4,"haddock_model.wppl",1,0.9,0.9,"allow","box2"
"1120","rabbit","bag","2",0.496501853122743,"big","bumford","cco",4,"haddock_model.wppl",1,0.9,0.9,"allow","bag2"
"281","rabbit","box","2",0.633620689655172,"bigger","bumford","cco",4,"haddock_model.wppl",1,0.9,0.9,"allow","box2"
"1121","rabbit","bag","2",0.366379310344828,"bigger","bumford","cco",4,"haddock_model.wppl",1,0.9,0.9,"allow","bag2"
"282","rabbit","box","2",0.503991561270754,"big","bumford","no-cc",4,"haddock_model.wppl",1,0.9,0.9,"allow","box2"
"1122","rabbit","bag","2",0.496008438729246,"big","bumford","no-cc",4,"haddock_model.wppl",1,0.9,0.9,"allow","bag2"
"1123","rabbit","box","2",1,"bigger","bumford","no-cc",4,"haddock_model.wppl",1,0.9,0.9,"allow","box2"
"283","rabbit","box","2",0.617205948993296,"big","standard","cco",4,"haddock_model.wppl",1,0.9,0.9,"allow","box2"
"1124","rabbit","bag","2",0.382794051006704,"big","standard","cco",4,"haddock_model.wppl",1,0.9,0.9,"allow","bag2"
"284","rabbit","box","2",0.638809021773526,"bigger","standard","cco",4,"haddock_model.wppl",1,0.9,0.9,"allow","box2"
"1125","rabbit","bag","2",0.361190978226474,"bigger","standard","cco",4,"haddock_model.wppl",1,0.9,0.9,"allow","bag2"
"1126","rabbit","box","2",1,"big","standard","no-cc",4,"haddock_model.wppl",1,0.9,0.9,"allow","box2"
"1127","rabbit","box","2",1,"bigger","standard","no-cc",4,"haddock_model.wppl",1,0.9,0.9,"allow","box2"
"285","rabbit","box","2",0.500072945788976,"big","bumford","cco",4,"haddock_model.wppl",2,0.9,0.9,"allow","box2"
"1128","rabbit","bag","2",0.499927054211024,"big","bumford","cco",4,"haddock_model.wppl",2,0.9,0.9,"allow","bag2"
"286","rabbit","box","2",0.500218290394914,"big","bumford","no-cc",4,"haddock_model.wppl",2,0.9,0.9,"allow","box2"
"1129","rabbit","bag","2",0.499781709605086,"big","bumford","no-cc",4,"haddock_model.wppl",2,0.9,0.9,"allow","bag2"
"287","rabbit","box","2",0.508364807390705,"big","standard","cco",4,"haddock_model.wppl",2,0.9,0.9,"allow","box2"
"1130","rabbit","bag","2",0.491635192609295,"big","standard","cco",4,"haddock_model.wppl",2,0.9,0.9,"allow","bag2"
"1131","rabbit","box","2",1,"big","standard","no-cc",4,"haddock_model.wppl",2,0.9,0.9,"allow","box2"
"288","rabbit","box","2",0.500259707506042,"big","bumford","cco",4,"haddock_model.wppl",1,0.9,1,"allow","box2"
"1132","rabbit","bag","2",0.499740292493958,"big","bumford","cco",4,"haddock_model.wppl",1,0.9,1,"allow","bag2"
"289","rabbit","box","2",0.633620689655172,"bigger","bumford","cco",4,"haddock_model.wppl",1,0.9,1,"allow","box2"
"1133","rabbit","bag","2",0.366379310344828,"bigger","bumford","cco",4,"haddock_model.wppl",1,0.9,1,"allow","bag2"
"1134","rabbit","bag","2",0.50420571044567,"big","bumford","no-cc",4,"haddock_model.wppl",1,0.9,1,"allow","bag2"
"290","rabbit","box","2",0.49579428955433,"big","bumford","no-cc",4,"haddock_model.wppl",1,0.9,1,"allow","box2"
"1135","rabbit","box","2",1,"bigger","bumford","no-cc",4,"haddock_model.wppl",1,0.9,1,"allow","box2"
"291","rabbit","box","2",0.624894260507246,"big","standard","cco",4,"haddock_model.wppl",1,0.9,1,"allow","box2"
"1136","rabbit","bag","2",0.375105739492754,"big","standard","cco",4,"haddock_model.wppl",1,0.9,1,"allow","bag2"
"292","rabbit","box","2",0.633620689655172,"bigger","standard","cco",4,"haddock_model.wppl",1,0.9,1,"allow","box2"
"1137","rabbit","bag","2",0.366379310344828,"bigger","standard","cco",4,"haddock_model.wppl",1,0.9,1,"allow","bag2"
"1138","rabbit","box","2",1,"big","standard","no-cc",4,"haddock_model.wppl",1,0.9,1,"allow","box2"
"1139","rabbit","box","2",1,"bigger","standard","no-cc",4,"haddock_model.wppl",1,0.9,1,"allow","box2"
"1140","rabbit","bag","2",0.5,"big","bumford","cco",4,"haddock_model.wppl",2,0.9,1,"allow","bag2"
"293","rabbit","box","2",0.5,"big","bumford","cco",4,"haddock_model.wppl",2,0.9,1,"allow","box2"
"1141","rabbit","bag","2",0.5,"big","bumford","no-cc",4,"haddock_model.wppl",2,0.9,1,"allow","bag2"
"294","rabbit","box","2",0.5,"big","bumford","no-cc",4,"haddock_model.wppl",2,0.9,1,"allow","box2"
"295","rabbit","box","2",0.508498691429726,"big","standard","cco",4,"haddock_model.wppl",2,0.9,1,"allow","box2"
"1142","rabbit","bag","2",0.491501308570274,"big","standard","cco",4,"haddock_model.wppl",2,0.9,1,"allow","bag2"
"1143","rabbit","box","2",1,"big","standard","no-cc",4,"haddock_model.wppl",2,0.9,1,"allow","box2"
"296","rabbit","box","2",0.530895334174023,"big","bumford","cco",4,"haddock_model.wppl",1,1,0,"allow","box2"
"1144","rabbit","bag","2",0.469104665825977,"big","bumford","cco",4,"haddock_model.wppl",1,1,0,"allow","bag2"
"297","rabbit","box","2",0.571428571428572,"big","bumford","no-cc",4,"haddock_model.wppl",1,1,0,"allow","box2"
"1145","rabbit","bag","2",0.428571428571428,"big","bumford","no-cc",4,"haddock_model.wppl",1,1,0,"allow","bag2"
"298","rabbit","box","2",0.544838636751229,"big","standard","cco",4,"haddock_model.wppl",1,1,0,"allow","box2"
"1146","rabbit","bag","2",0.455161363248771,"big","standard","cco",4,"haddock_model.wppl",1,1,0,"allow","bag2"
"299","rabbit","box","2",0.684146032125659,"bigger","standard","cco",4,"haddock_model.wppl",1,1,0,"allow","box2"
"1147","rabbit","bag","2",0.315853967874341,"bigger","standard","cco",4,"haddock_model.wppl",1,1,0,"allow","bag2"
"1148","rabbit","box","2",1,"big","standard","no-cc",4,"haddock_model.wppl",1,1,0,"allow","box2"
"1149","rabbit","box","2",1,"bigger","standard","no-cc",4,"haddock_model.wppl",1,1,0,"allow","box2"
"2100","rabbit","box","2",0.500714890791611,"big","bumford","cco",4,"haddock_model.wppl",2,1,0,"allow","box2"
"1150","rabbit","bag","2",0.499285109208389,"big","bumford","cco",4,"haddock_model.wppl",2,1,0,"allow","bag2"
"2101","rabbit","box","2",0.502020527049302,"big","bumford","no-cc",4,"haddock_model.wppl",2,1,0,"allow","box2"
"1151","rabbit","bag","2",0.497979472950698,"big","bumford","no-cc",4,"haddock_model.wppl",2,1,0,"allow","bag2"
"2102","rabbit","box","2",0.507080868104581,"big","standard","cco",4,"haddock_model.wppl",2,1,0,"allow","box2"
"1152","rabbit","bag","2",0.492919131895419,"big","standard","cco",4,"haddock_model.wppl",2,1,0,"allow","bag2"
"1153","rabbit","box","2",1,"big","standard","no-cc",4,"haddock_model.wppl",2,1,0,"allow","box2"
"2103","rabbit","box","2",0.515940143135979,"big","bumford","cco",4,"haddock_model.wppl",1,1,0.5,"allow","box2"
"1154","rabbit","bag","2",0.484059856864021,"big","bumford","cco",4,"haddock_model.wppl",1,1,0.5,"allow","bag2"
"2104","rabbit","box","2",0.538461538461538,"big","bumford","no-cc",4,"haddock_model.wppl",1,1,0.5,"allow","box2"
"1155","rabbit","bag","2",0.461538461538462,"big","bumford","no-cc",4,"haddock_model.wppl",1,1,0.5,"allow","bag2"
"2105","rabbit","box","2",0.58576350062161,"big","standard","cco",4,"haddock_model.wppl",1,1,0.5,"allow","box2"
"1156","rabbit","bag","2",0.41423649937839,"big","standard","cco",4,"haddock_model.wppl",1,1,0.5,"allow","bag2"
"2106","rabbit","box","2",0.659256124385607,"bigger","standard","cco",4,"haddock_model.wppl",1,1,0.5,"allow","box2"
"1157","rabbit","bag","2",0.340743875614394,"bigger","standard","cco",4,"haddock_model.wppl",1,1,0.5,"allow","bag2"
"1158","rabbit","box","2",1,"big","standard","no-cc",4,"haddock_model.wppl",1,1,0.5,"allow","box2"
"1159","rabbit","box","2",1,"bigger","standard","no-cc",4,"haddock_model.wppl",1,1,0.5,"allow","box2"
"2107","rabbit","box","2",0.500360429566159,"big","bumford","cco",4,"haddock_model.wppl",2,1,0.5,"allow","box2"
"1160","rabbit","bag","2",0.499639570433841,"big","bumford","cco",4,"haddock_model.wppl",2,1,0.5,"allow","bag2"
"2108","rabbit","box","2",0.501032198752816,"big","bumford","no-cc",4,"haddock_model.wppl",2,1,0.5,"allow","box2"
"1161","rabbit","bag","2",0.498967801247184,"big","bumford","no-cc",4,"haddock_model.wppl",2,1,0.5,"allow","bag2"
"2109","rabbit","box","2",0.507817063761952,"big","standard","cco",4,"haddock_model.wppl",2,1,0.5,"allow","box2"
"1162","rabbit","bag","2",0.492182936238048,"big","standard","cco",4,"haddock_model.wppl",2,1,0.5,"allow","bag2"
"1163","rabbit","box","2",1,"big","standard","no-cc",4,"haddock_model.wppl",2,1,0.5,"allow","box2"
"2110","rabbit","box","2",0.503271464815062,"big","bumford","cco",4,"haddock_model.wppl",1,1,0.9,"allow","box2"
"1164","rabbit","bag","2",0.496728535184938,"big","bumford","cco",4,"haddock_model.wppl",1,1,0.9,"allow","bag2"
"2111","rabbit","box","2",0.508196721311476,"big","bumford","no-cc",4,"haddock_model.wppl",1,1,0.9,"allow","box2"
"1165","rabbit","bag","2",0.491803278688525,"big","bumford","no-cc",4,"haddock_model.wppl",1,1,0.9,"allow","bag2"
"2112","rabbit","box","2",0.617205948993296,"big","standard","cco",4,"haddock_model.wppl",1,1,0.9,"allow","box2"
"1166","rabbit","bag","2",0.382794051006704,"big","standard","cco",4,"haddock_model.wppl",1,1,0.9,"allow","bag2"
"2113","rabbit","box","2",0.638809021773526,"bigger","standard","cco",4,"haddock_model.wppl",1,1,0.9,"allow","box2"
"1167","rabbit","bag","2",0.361190978226474,"bigger","standard","cco",4,"haddock_model.wppl",1,1,0.9,"allow","bag2"
"1168","rabbit","box","2",1,"big","standard","no-cc",4,"haddock_model.wppl",1,1,0.9,"allow","box2"
"1169","rabbit","box","2",1,"bigger","standard","no-cc",4,"haddock_model.wppl",1,1,0.9,"allow","box2"
"2114","rabbit","box","2",0.500072945788976,"big","bumford","cco",4,"haddock_model.wppl",2,1,0.9,"allow","box2"
"1170","rabbit","bag","2",0.499927054211024,"big","bumford","cco",4,"haddock_model.wppl",2,1,0.9,"allow","bag2"
"2115","rabbit","box","2",0.500218290394914,"big","bumford","no-cc",4,"haddock_model.wppl",2,1,0.9,"allow","box2"
"1171","rabbit","bag","2",0.499781709605086,"big","bumford","no-cc",4,"haddock_model.wppl",2,1,0.9,"allow","bag2"
"2116","rabbit","box","2",0.508364807390705,"big","standard","cco",4,"haddock_model.wppl",2,1,0.9,"allow","box2"
"1172","rabbit","bag","2",0.491635192609295,"big","standard","cco",4,"haddock_model.wppl",2,1,0.9,"allow","bag2"
"1173","rabbit","box","2",1,"big","standard","no-cc",4,"haddock_model.wppl",2,1,0.9,"allow","box2"
"1174","rabbit","bag","2",0.5,"big","bumford","cco",4,"haddock_model.wppl",1,1,1,"allow","bag2"
"2117","rabbit","box","2",0.5,"big","bumford","cco",4,"haddock_model.wppl",1,1,1,"allow","box2"
"1175","rabbit","bag","2",0.5,"big","bumford","no-cc",4,"haddock_model.wppl",1,1,1,"allow","bag2"
"2118","rabbit","box","2",0.5,"big","bumford","no-cc",4,"haddock_model.wppl",1,1,1,"allow","box2"
"2119","rabbit","box","2",0.624894260507246,"big","standard","cco",4,"haddock_model.wppl",1,1,1,"allow","box2"
"1176","rabbit","bag","2",0.375105739492754,"big","standard","cco",4,"haddock_model.wppl",1,1,1,"allow","bag2"
"2120","rabbit","box","2",0.633620689655172,"bigger","standard","cco",4,"haddock_model.wppl",1,1,1,"allow","box2"
"1177","rabbit","bag","2",0.366379310344828,"bigger","standard","cco",4,"haddock_model.wppl",1,1,1,"allow","bag2"
"1178","rabbit","box","2",1,"big","standard","no-cc",4,"haddock_model.wppl",1,1,1,"allow","box2"
"1179","rabbit","box","2",1,"bigger","standard","no-cc",4,"haddock_model.wppl",1,1,1,"allow","box2"
"1180","rabbit","bag","2",0.5,"big","bumford","cco",4,"haddock_model.wppl",2,1,1,"allow","bag2"
"2121","rabbit","box","2",0.5,"big","bumford","cco",4,"haddock_model.wppl",2,1,1,"allow","box2"
"1181","rabbit","bag","2",0.5,"big","bumford","no-cc",4,"haddock_model.wppl",2,1,1,"allow","bag2"
"2122","rabbit","box","2",0.5,"big","bumford","no-cc",4,"haddock_model.wppl",2,1,1,"allow","box2"
"2123","rabbit","box","2",0.508498691429726,"big","standard","cco",4,"haddock_model.wppl",2,1,1,"allow","box2"
"1182","rabbit","bag","2",0.491501308570274,"big","standard","cco",4,"haddock_model.wppl",2,1,1,"allow","bag2"
"1183","rabbit","box","2",1,"big","standard","no-cc",4,"haddock_model.wppl",2,1,1,"allow","box2"
"2124","rabbit","box","2",0.521999552965999,"big","bumford","cco",4,"haddock_model.wppl",1,0,0,"disallow","box2"
"1184","rabbit","bag","2",0.478000447034001,"big","bumford","cco",4,"haddock_model.wppl",1,0,0,"disallow","bag2"
"2125","rabbit","box","2",0.633620689655172,"bigger","bumford","cco",4,"haddock_model.wppl",1,0,0,"disallow","box2"
"1185","rabbit","bag","2",0.366379310344828,"bigger","bumford","cco",4,"haddock_model.wppl",1,0,0,"disallow","bag2"
"2126","rabbit","box","2",0.555508583377682,"big","bumford","no-cc",4,"haddock_model.wppl",1,0,0,"disallow","box2"
"1186","rabbit","bag","2",0.444491416622318,"big","bumford","no-cc",4,"haddock_model.wppl",1,0,0,"disallow","bag2"
"1187","rabbit","box","2",1,"bigger","bumford","no-cc",4,"haddock_model.wppl",1,0,0,"disallow","box2"
"2127","rabbit","box","2",0.633620689655172,"big","standard","cco",4,"haddock_model.wppl",1,0,0,"disallow","box2"
"1188","rabbit","bag","2",0.366379310344828,"big","standard","cco",4,"haddock_model.wppl",1,0,0,"disallow","bag2"
"2128","rabbit","box","2",0.633620689655172,"bigger","standard","cco",4,"haddock_model.wppl",1,0,0,"disallow","box2"
"1189","rabbit","bag","2",0.366379310344828,"bigger","standard","cco",4,"haddock_model.wppl",1,0,0,"disallow","bag2"
"1190","rabbit","box","2",1,"big","standard","no-cc",4,"haddock_model.wppl",1,0,0,"disallow","box2"
"1191","rabbit","box","2",1,"bigger","standard","no-cc",4,"haddock_model.wppl",1,0,0,"disallow","box2"
"2129","rabbit","box","2",0.501696563029587,"big","bumford","cco",4,"haddock_model.wppl",2,0,0,"disallow","box2"
"1192","rabbit","bag","2",0.498303436970413,"big","bumford","cco",4,"haddock_model.wppl",2,0,0,"disallow","bag2"
"2130","rabbit","box","2",0.502843212041985,"big","bumford","no-cc",4,"haddock_model.wppl",2,0,0,"disallow","box2"
"1193","rabbit","bag","2",0.497156787958015,"big","bumford","no-cc",4,"haddock_model.wppl",2,0,0,"disallow","bag2"
"2131","rabbit","box","2",0.509237408775956,"big","standard","cco",4,"haddock_model.wppl",2,0,0,"disallow","box2"
"1194","rabbit","bag","2",0.490762591224044,"big","standard","cco",4,"haddock_model.wppl",2,0,0,"disallow","bag2"
"1195","rabbit","box","2",1,"big","standard","no-cc",4,"haddock_model.wppl",2,0,0,"disallow","box2"
"2132","rabbit","box","2",0.521999552965999,"big","bumford","cco",4,"haddock_model.wppl",1,0,0.5,"disallow","box2"
"1196","rabbit","bag","2",0.478000447034001,"big","bumford","cco",4,"haddock_model.wppl",1,0,0.5,"disallow","bag2"
"2133","rabbit","box","2",0.633620689655172,"bigger","bumford","cco",4,"haddock_model.wppl",1,0,0.5,"disallow","box2"
"1197","rabbit","bag","2",0.366379310344828,"bigger","bumford","cco",4,"haddock_model.wppl",1,0,0.5,"disallow","bag2"
"2134","rabbit","box","2",0.555508583377682,"big","bumford","no-cc",4,"haddock_model.wppl",1,0,0.5,"disallow","box2"
"1198","rabbit","bag","2",0.444491416622318,"big","bumford","no-cc",4,"haddock_model.wppl",1,0,0.5,"disallow","bag2"
"1199","rabbit","box","2",1,"bigger","bumford","no-cc",4,"haddock_model.wppl",1,0,0.5,"disallow","box2"
"2135","rabbit","box","2",0.633620689655172,"big","standard","cco",4,"haddock_model.wppl",1,0,0.5,"disallow","box2"
"1200","rabbit","bag","2",0.366379310344828,"big","standard","cco",4,"haddock_model.wppl",1,0,0.5,"disallow","bag2"
"2136","rabbit","box","2",0.633620689655172,"bigger","standard","cco",4,"haddock_model.wppl",1,0,0.5,"disallow","box2"
"1201","rabbit","bag","2",0.366379310344828,"bigger","standard","cco",4,"haddock_model.wppl",1,0,0.5,"disallow","bag2"
"1202","rabbit","box","2",1,"big","standard","no-cc",4,"haddock_model.wppl",1,0,0.5,"disallow","box2"
"1203","rabbit","box","2",1,"bigger","standard","no-cc",4,"haddock_model.wppl",1,0,0.5,"disallow","box2"
"2137","rabbit","box","2",0.503095079957648,"big","bumford","cco",4,"haddock_model.wppl",2,0,0.5,"disallow","box2"
"1204","rabbit","bag","2",0.496904920042352,"big","bumford","cco",4,"haddock_model.wppl",2,0,0.5,"disallow","bag2"
"2138","rabbit","box","2",0.505081030365126,"big","bumford","no-cc",4,"haddock_model.wppl",2,0,0.5,"disallow","box2"
"1205","rabbit","bag","2",0.494918969634874,"big","bumford","no-cc",4,"haddock_model.wppl",2,0,0.5,"disallow","bag2"
"2139","rabbit","box","2",0.512048512877566,"big","standard","cco",4,"haddock_model.wppl",2,0,0.5,"disallow","box2"
"1206","rabbit","bag","2",0.487951487122434,"big","standard","cco",4,"haddock_model.wppl",2,0,0.5,"disallow","bag2"
"1207","rabbit","box","2",1,"big","standard","no-cc",4,"haddock_model.wppl",2,0,0.5,"disallow","box2"
"2140","rabbit","box","2",0.521999552965999,"big","bumford","cco",4,"haddock_model.wppl",1,0,0.9,"disallow","box2"
"1208","rabbit","bag","2",0.478000447034001,"big","bumford","cco",4,"haddock_model.wppl",1,0,0.9,"disallow","bag2"
"2141","rabbit","box","2",0.633620689655172,"bigger","bumford","cco",4,"haddock_model.wppl",1,0,0.9,"disallow","box2"
"1209","rabbit","bag","2",0.366379310344828,"bigger","bumford","cco",4,"haddock_model.wppl",1,0,0.9,"disallow","bag2"
"2142","rabbit","box","2",0.555508583377681,"big","bumford","no-cc",4,"haddock_model.wppl",1,0,0.9,"disallow","box2"
"1210","rabbit","bag","2",0.444491416622319,"big","bumford","no-cc",4,"haddock_model.wppl",1,0,0.9,"disallow","bag2"
"1211","rabbit","box","2",1,"bigger","bumford","no-cc",4,"haddock_model.wppl",1,0,0.9,"disallow","box2"
"2143","rabbit","box","2",0.633620689655172,"big","standard","cco",4,"haddock_model.wppl",1,0,0.9,"disallow","box2"
"1212","rabbit","bag","2",0.366379310344828,"big","standard","cco",4,"haddock_model.wppl",1,0,0.9,"disallow","bag2"
"2144","rabbit","box","2",0.633620689655172,"bigger","standard","cco",4,"haddock_model.wppl",1,0,0.9,"disallow","box2"
"1213","rabbit","bag","2",0.366379310344828,"bigger","standard","cco",4,"haddock_model.wppl",1,0,0.9,"disallow","bag2"
"1214","rabbit","box","2",1,"big","standard","no-cc",4,"haddock_model.wppl",1,0,0.9,"disallow","box2"
"1215","rabbit","box","2",1,"bigger","standard","no-cc",4,"haddock_model.wppl",1,0,0.9,"disallow","box2"
"2145","rabbit","box","2",0.511379805076669,"big","bumford","cco",4,"haddock_model.wppl",2,0,0.9,"disallow","box2"
"1216","rabbit","bag","2",0.488620194923331,"big","bumford","cco",4,"haddock_model.wppl",2,0,0.9,"disallow","bag2"
"2146","rabbit","box","2",0.52162965437939,"big","bumford","no-cc",4,"haddock_model.wppl",2,0,0.9,"disallow","box2"
"1217","rabbit","bag","2",0.47837034562061,"big","bumford","no-cc",4,"haddock_model.wppl",2,0,0.9,"disallow","bag2"
"2147","rabbit","box","2",0.53010007634851,"big","standard","cco",4,"haddock_model.wppl",2,0,0.9,"disallow","box2"
"1218","rabbit","bag","2",0.46989992365149,"big","standard","cco",4,"haddock_model.wppl",2,0,0.9,"disallow","bag2"
"1219","rabbit","box","2",1,"big","standard","no-cc",4,"haddock_model.wppl",2,0,0.9,"disallow","box2"
"2148","rabbit","box","2",0.633620689655172,"bigger","bumford","cco",4,"haddock_model.wppl",1,0,1,"disallow","box2"
"1220","rabbit","bag","2",0.366379310344828,"bigger","bumford","cco",4,"haddock_model.wppl",1,0,1,"disallow","bag2"
"1221","rabbit","box","2",1,"bigger","bumford","no-cc",4,"haddock_model.wppl",1,0,1,"disallow","box2"
"2149","rabbit","box","2",0.633620689655172,"bigger","standard","cco",4,"haddock_model.wppl",1,0,1,"disallow","box2"
"1222","rabbit","bag","2",0.366379310344828,"bigger","standard","cco",4,"haddock_model.wppl",1,0,1,"disallow","bag2"
"1223","rabbit","box","2",1,"bigger","standard","no-cc",4,"haddock_model.wppl",1,0,1,"disallow","box2"
"2150","rabbit","box","2",0.530504346186193,"big","bumford","cco",4,"haddock_model.wppl",1,0.5,0,"disallow","box2"
"1224","rabbit","bag","2",0.469495653813807,"big","bumford","cco",4,"haddock_model.wppl",1,0.5,0,"disallow","bag2"
"2151","rabbit","box","2",0.633620689655172,"bigger","bumford","cco",4,"haddock_model.wppl",1,0.5,0,"disallow","box2"
"1225","rabbit","bag","2",0.366379310344828,"bigger","bumford","cco",4,"haddock_model.wppl",1,0.5,0,"disallow","bag2"
"2152","rabbit","box","2",0.578926290666035,"big","bumford","no-cc",4,"haddock_model.wppl",1,0.5,0,"disallow","box2"
"1226","rabbit","bag","2",0.421073709333965,"big","bumford","no-cc",4,"haddock_model.wppl",1,0.5,0,"disallow","bag2"
"1227","rabbit","box","2",1,"bigger","bumford","no-cc",4,"haddock_model.wppl",1,0.5,0,"disallow","box2"
"2153","rabbit","box","2",0.633620689655172,"big","standard","cco",4,"haddock_model.wppl",1,0.5,0,"disallow","box2"
"1228","rabbit","bag","2",0.366379310344828,"big","standard","cco",4,"haddock_model.wppl",1,0.5,0,"disallow","bag2"
"2154","rabbit","box","2",0.633620689655172,"bigger","standard","cco",4,"haddock_model.wppl",1,0.5,0,"disallow","box2"
"1229","rabbit","bag","2",0.366379310344828,"bigger","standard","cco",4,"haddock_model.wppl",1,0.5,0,"disallow","bag2"
"1230","rabbit","box","2",1,"big","standard","no-cc",4,"haddock_model.wppl",1,0.5,0,"disallow","box2"
"1231","rabbit","box","2",1,"bigger","standard","no-cc",4,"haddock_model.wppl",1,0.5,0,"disallow","box2"
"2155","rabbit","box","2",0.501696563029587,"big","bumford","cco",4,"haddock_model.wppl",2,0.5,0,"disallow","box2"
"1232","rabbit","bag","2",0.498303436970413,"big","bumford","cco",4,"haddock_model.wppl",2,0.5,0,"disallow","bag2"
"2156","rabbit","box","2",0.502843212041986,"big","bumford","no-cc",4,"haddock_model.wppl",2,0.5,0,"disallow","box2"
"1233","rabbit","bag","2",0.497156787958014,"big","bumford","no-cc",4,"haddock_model.wppl",2,0.5,0,"disallow","bag2"
"2157","rabbit","box","2",0.509237408775956,"big","standard","cco",4,"haddock_model.wppl",2,0.5,0,"disallow","box2"
"1234","rabbit","bag","2",0.490762591224044,"big","standard","cco",4,"haddock_model.wppl",2,0.5,0,"disallow","bag2"
"1235","rabbit","box","2",1,"big","standard","no-cc",4,"haddock_model.wppl",2,0.5,0,"disallow","box2"
"2158","rabbit","box","2",0.530504346186193,"big","bumford","cco",4,"haddock_model.wppl",1,0.5,0.5,"disallow","box2"
"1236","rabbit","bag","2",0.469495653813807,"big","bumford","cco",4,"haddock_model.wppl",1,0.5,0.5,"disallow","bag2"
"2159","rabbit","box","2",0.633620689655172,"bigger","bumford","cco",4,"haddock_model.wppl",1,0.5,0.5,"disallow","box2"
"1237","rabbit","bag","2",0.366379310344828,"bigger","bumford","cco",4,"haddock_model.wppl",1,0.5,0.5,"disallow","bag2"
"2160","rabbit","box","2",0.578926290666035,"big","bumford","no-cc",4,"haddock_model.wppl",1,0.5,0.5,"disallow","box2"
"1238","rabbit","bag","2",0.421073709333965,"big","bumford","no-cc",4,"haddock_model.wppl",1,0.5,0.5,"disallow","bag2"
"1239","rabbit","box","2",1,"bigger","bumford","no-cc",4,"haddock_model.wppl",1,0.5,0.5,"disallow","box2"
"2161","rabbit","box","2",0.633620689655172,"big","standard","cco",4,"haddock_model.wppl",1,0.5,0.5,"disallow","box2"
"1240","rabbit","bag","2",0.366379310344828,"big","standard","cco",4,"haddock_model.wppl",1,0.5,0.5,"disallow","bag2"
"2162","rabbit","box","2",0.633620689655172,"bigger","standard","cco",4,"haddock_model.wppl",1,0.5,0.5,"disallow","box2"
"1241","rabbit","bag","2",0.366379310344828,"bigger","standard","cco",4,"haddock_model.wppl",1,0.5,0.5,"disallow","bag2"
"1242","rabbit","box","2",1,"big","standard","no-cc",4,"haddock_model.wppl",1,0.5,0.5,"disallow","box2"
"1243","rabbit","box","2",1,"bigger","standard","no-cc",4,"haddock_model.wppl",1,0.5,0.5,"disallow","box2"
"2163","rabbit","box","2",0.503095079957648,"big","bumford","cco",4,"haddock_model.wppl",2,0.5,0.5,"disallow","box2"
"1244","rabbit","bag","2",0.496904920042352,"big","bumford","cco",4,"haddock_model.wppl",2,0.5,0.5,"disallow","bag2"
"2164","rabbit","box","2",0.505081030365126,"big","bumford","no-cc",4,"haddock_model.wppl",2,0.5,0.5,"disallow","box2"
"1245","rabbit","bag","2",0.494918969634874,"big","bumford","no-cc",4,"haddock_model.wppl",2,0.5,0.5,"disallow","bag2"
"2165","rabbit","box","2",0.512048512877566,"big","standard","cco",4,"haddock_model.wppl",2,0.5,0.5,"disallow","box2"
"1246","rabbit","bag","2",0.487951487122434,"big","standard","cco",4,"haddock_model.wppl",2,0.5,0.5,"disallow","bag2"
"1247","rabbit","box","2",1,"big","standard","no-cc",4,"haddock_model.wppl",2,0.5,0.5,"disallow","box2"
"2166","rabbit","box","2",0.530504346186193,"big","bumford","cco",4,"haddock_model.wppl",1,0.5,0.9,"disallow","box2"
"1248","rabbit","bag","2",0.469495653813807,"big","bumford","cco",4,"haddock_model.wppl",1,0.5,0.9,"disallow","bag2"
"2167","rabbit","box","2",0.633620689655172,"bigger","bumford","cco",4,"haddock_model.wppl",1,0.5,0.9,"disallow","box2"
"1249","rabbit","bag","2",0.366379310344828,"bigger","bumford","cco",4,"haddock_model.wppl",1,0.5,0.9,"disallow","bag2"
"2168","rabbit","box","2",0.578926290666034,"big","bumford","no-cc",4,"haddock_model.wppl",1,0.5,0.9,"disallow","box2"
"1250","rabbit","bag","2",0.421073709333966,"big","bumford","no-cc",4,"haddock_model.wppl",1,0.5,0.9,"disallow","bag2"
"1251","rabbit","box","2",1,"bigger","bumford","no-cc",4,"haddock_model.wppl",1,0.5,0.9,"disallow","box2"
"2169","rabbit","box","2",0.633620689655172,"big","standard","cco",4,"haddock_model.wppl",1,0.5,0.9,"disallow","box2"
"1252","rabbit","bag","2",0.366379310344828,"big","standard","cco",4,"haddock_model.wppl",1,0.5,0.9,"disallow","bag2"
"2170","rabbit","box","2",0.633620689655172,"bigger","standard","cco",4,"haddock_model.wppl",1,0.5,0.9,"disallow","box2"
"1253","rabbit","bag","2",0.366379310344828,"bigger","standard","cco",4,"haddock_model.wppl",1,0.5,0.9,"disallow","bag2"
"1254","rabbit","box","2",1,"big","standard","no-cc",4,"haddock_model.wppl",1,0.5,0.9,"disallow","box2"
"1255","rabbit","box","2",1,"bigger","standard","no-cc",4,"haddock_model.wppl",1,0.5,0.9,"disallow","box2"
"2171","rabbit","box","2",0.511379805076669,"big","bumford","cco",4,"haddock_model.wppl",2,0.5,0.9,"disallow","box2"
"1256","rabbit","bag","2",0.488620194923331,"big","bumford","cco",4,"haddock_model.wppl",2,0.5,0.9,"disallow","bag2"
"2172","rabbit","box","2",0.52162965437939,"big","bumford","no-cc",4,"haddock_model.wppl",2,0.5,0.9,"disallow","box2"
"1257","rabbit","bag","2",0.47837034562061,"big","bumford","no-cc",4,"haddock_model.wppl",2,0.5,0.9,"disallow","bag2"
"2173","rabbit","box","2",0.53010007634851,"big","standard","cco",4,"haddock_model.wppl",2,0.5,0.9,"disallow","box2"
"1258","rabbit","bag","2",0.46989992365149,"big","standard","cco",4,"haddock_model.wppl",2,0.5,0.9,"disallow","bag2"
"1259","rabbit","box","2",1,"big","standard","no-cc",4,"haddock_model.wppl",2,0.5,0.9,"disallow","box2"
"2174","rabbit","box","2",0.633620689655172,"bigger","bumford","cco",4,"haddock_model.wppl",1,0.5,1,"disallow","box2"
"1260","rabbit","bag","2",0.366379310344828,"bigger","bumford","cco",4,"haddock_model.wppl",1,0.5,1,"disallow","bag2"
"1261","rabbit","box","2",1,"bigger","bumford","no-cc",4,"haddock_model.wppl",1,0.5,1,"disallow","box2"
"2175","rabbit","box","2",0.633620689655172,"bigger","standard","cco",4,"haddock_model.wppl",1,0.5,1,"disallow","box2"
"1262","rabbit","bag","2",0.366379310344828,"bigger","standard","cco",4,"haddock_model.wppl",1,0.5,1,"disallow","bag2"
"1263","rabbit","box","2",1,"bigger","standard","no-cc",4,"haddock_model.wppl",1,0.5,1,"disallow","box2"
"2176","rabbit","box","2",0.536428658732481,"big","bumford","cco",4,"haddock_model.wppl",1,0.9,0,"disallow","box2"
"1264","rabbit","bag","2",0.463571341267519,"big","bumford","cco",4,"haddock_model.wppl",1,0.9,0,"disallow","bag2"
"2177","rabbit","box","2",0.633620689655172,"bigger","bumford","cco",4,"haddock_model.wppl",1,0.9,0,"disallow","box2"
"1265","rabbit","bag","2",0.366379310344828,"bigger","bumford","cco",4,"haddock_model.wppl",1,0.9,0,"disallow","bag2"
"2178","rabbit","box","2",0.595955714334369,"big","bumford","no-cc",4,"haddock_model.wppl",1,0.9,0,"disallow","box2"
"1266","rabbit","bag","2",0.404044285665631,"big","bumford","no-cc",4,"haddock_model.wppl",1,0.9,0,"disallow","bag2"
"1267","rabbit","box","2",1,"bigger","bumford","no-cc",4,"haddock_model.wppl",1,0.9,0,"disallow","box2"
"2179","rabbit","box","2",0.633620689655172,"big","standard","cco",4,"haddock_model.wppl",1,0.9,0,"disallow","box2"
"1268","rabbit","bag","2",0.366379310344828,"big","standard","cco",4,"haddock_model.wppl",1,0.9,0,"disallow","bag2"
"2180","rabbit","box","2",0.633620689655172,"bigger","standard","cco",4,"haddock_model.wppl",1,0.9,0,"disallow","box2"
"1269","rabbit","bag","2",0.366379310344828,"bigger","standard","cco",4,"haddock_model.wppl",1,0.9,0,"disallow","bag2"
"1270","rabbit","box","2",1,"big","standard","no-cc",4,"haddock_model.wppl",1,0.9,0,"disallow","box2"
"1271","rabbit","box","2",1,"bigger","standard","no-cc",4,"haddock_model.wppl",1,0.9,0,"disallow","box2"
"2181","rabbit","box","2",0.501696563029587,"big","bumford","cco",4,"haddock_model.wppl",2,0.9,0,"disallow","box2"
"1272","rabbit","bag","2",0.498303436970413,"big","bumford","cco",4,"haddock_model.wppl",2,0.9,0,"disallow","bag2"
"2182","rabbit","box","2",0.502843212041986,"big","bumford","no-cc",4,"haddock_model.wppl",2,0.9,0,"disallow","box2"
"1273","rabbit","bag","2",0.497156787958014,"big","bumford","no-cc",4,"haddock_model.wppl",2,0.9,0,"disallow","bag2"
"2183","rabbit","box","2",0.509237408775956,"big","standard","cco",4,"haddock_model.wppl",2,0.9,0,"disallow","box2"
"1274","rabbit","bag","2",0.490762591224044,"big","standard","cco",4,"haddock_model.wppl",2,0.9,0,"disallow","bag2"
"1275","rabbit","box","2",1,"big","standard","no-cc",4,"haddock_model.wppl",2,0.9,0,"disallow","box2"
"2184","rabbit","box","2",0.536428658732481,"big","bumford","cco",4,"haddock_model.wppl",1,0.9,0.5,"disallow","box2"
"1276","rabbit","bag","2",0.463571341267519,"big","bumford","cco",4,"haddock_model.wppl",1,0.9,0.5,"disallow","bag2"
"2185","rabbit","box","2",0.633620689655172,"bigger","bumford","cco",4,"haddock_model.wppl",1,0.9,0.5,"disallow","box2"
"1277","rabbit","bag","2",0.366379310344828,"bigger","bumford","cco",4,"haddock_model.wppl",1,0.9,0.5,"disallow","bag2"
"2186","rabbit","box","2",0.595955714334369,"big","bumford","no-cc",4,"haddock_model.wppl",1,0.9,0.5,"disallow","box2"
"1278","rabbit","bag","2",0.404044285665631,"big","bumford","no-cc",4,"haddock_model.wppl",1,0.9,0.5,"disallow","bag2"
"1279","rabbit","box","2",1,"bigger","bumford","no-cc",4,"haddock_model.wppl",1,0.9,0.5,"disallow","box2"
"2187","rabbit","box","2",0.633620689655172,"big","standard","cco",4,"haddock_model.wppl",1,0.9,0.5,"disallow","box2"
"1280","rabbit","bag","2",0.366379310344828,"big","standard","cco",4,"haddock_model.wppl",1,0.9,0.5,"disallow","bag2"
"2188","rabbit","box","2",0.633620689655172,"bigger","standard","cco",4,"haddock_model.wppl",1,0.9,0.5,"disallow","box2"
"1281","rabbit","bag","2",0.366379310344828,"bigger","standard","cco",4,"haddock_model.wppl",1,0.9,0.5,"disallow","bag2"
"1282","rabbit","box","2",1,"big","standard","no-cc",4,"haddock_model.wppl",1,0.9,0.5,"disallow","box2"
"1283","rabbit","box","2",1,"bigger","standard","no-cc",4,"haddock_model.wppl",1,0.9,0.5,"disallow","box2"
"2189","rabbit","box","2",0.503095079957648,"big","bumford","cco",4,"haddock_model.wppl",2,0.9,0.5,"disallow","box2"
"1284","rabbit","bag","2",0.496904920042352,"big","bumford","cco",4,"haddock_model.wppl",2,0.9,0.5,"disallow","bag2"
"2190","rabbit","box","2",0.505081030365126,"big","bumford","no-cc",4,"haddock_model.wppl",2,0.9,0.5,"disallow","box2"
"1285","rabbit","bag","2",0.494918969634874,"big","bumford","no-cc",4,"haddock_model.wppl",2,0.9,0.5,"disallow","bag2"
"2191","rabbit","box","2",0.512048512877566,"big","standard","cco",4,"haddock_model.wppl",2,0.9,0.5,"disallow","box2"
"1286","rabbit","bag","2",0.487951487122434,"big","standard","cco",4,"haddock_model.wppl",2,0.9,0.5,"disallow","bag2"
"1287","rabbit","box","2",1,"big","standard","no-cc",4,"haddock_model.wppl",2,0.9,0.5,"disallow","box2"
"2192","rabbit","box","2",0.536428658732481,"big","bumford","cco",4,"haddock_model.wppl",1,0.9,0.9,"disallow","box2"
"1288","rabbit","bag","2",0.463571341267519,"big","bumford","cco",4,"haddock_model.wppl",1,0.9,0.9,"disallow","bag2"
"2193","rabbit","box","2",0.633620689655172,"bigger","bumford","cco",4,"haddock_model.wppl",1,0.9,0.9,"disallow","box2"
"1289","rabbit","bag","2",0.366379310344828,"bigger","bumford","cco",4,"haddock_model.wppl",1,0.9,0.9,"disallow","bag2"
"2194","rabbit","box","2",0.595955714334369,"big","bumford","no-cc",4,"haddock_model.wppl",1,0.9,0.9,"disallow","box2"
"1290","rabbit","bag","2",0.404044285665631,"big","bumford","no-cc",4,"haddock_model.wppl",1,0.9,0.9,"disallow","bag2"
"1291","rabbit","box","2",1,"bigger","bumford","no-cc",4,"haddock_model.wppl",1,0.9,0.9,"disallow","box2"
"2195","rabbit","box","2",0.633620689655172,"big","standard","cco",4,"haddock_model.wppl",1,0.9,0.9,"disallow","box2"
"1292","rabbit","bag","2",0.366379310344828,"big","standard","cco",4,"haddock_model.wppl",1,0.9,0.9,"disallow","bag2"
"2196","rabbit","box","2",0.633620689655172,"bigger","standard","cco",4,"haddock_model.wppl",1,0.9,0.9,"disallow","box2"
"1293","rabbit","bag","2",0.366379310344828,"bigger","standard","cco",4,"haddock_model.wppl",1,0.9,0.9,"disallow","bag2"
"1294","rabbit","box","2",1,"big","standard","no-cc",4,"haddock_model.wppl",1,0.9,0.9,"disallow","box2"
"1295","rabbit","box","2",1,"bigger","standard","no-cc",4,"haddock_model.wppl",1,0.9,0.9,"disallow","box2"
"2197","rabbit","box","2",0.511379805076669,"big","bumford","cco",4,"haddock_model.wppl",2,0.9,0.9,"disallow","box2"
"1296","rabbit","bag","2",0.488620194923331,"big","bumford","cco",4,"haddock_model.wppl",2,0.9,0.9,"disallow","bag2"
"2198","rabbit","box","2",0.52162965437939,"big","bumford","no-cc",4,"haddock_model.wppl",2,0.9,0.9,"disallow","box2"
"1297","rabbit","bag","2",0.47837034562061,"big","bumford","no-cc",4,"haddock_model.wppl",2,0.9,0.9,"disallow","bag2"
"2199","rabbit","box","2",0.53010007634851,"big","standard","cco",4,"haddock_model.wppl",2,0.9,0.9,"disallow","box2"
"1298","rabbit","bag","2",0.46989992365149,"big","standard","cco",4,"haddock_model.wppl",2,0.9,0.9,"disallow","bag2"
"1299","rabbit","box","2",1,"big","standard","no-cc",4,"haddock_model.wppl",2,0.9,0.9,"disallow","box2"
"2200","rabbit","box","2",0.633620689655172,"bigger","bumford","cco",4,"haddock_model.wppl",1,0.9,1,"disallow","box2"
"1300","rabbit","bag","2",0.366379310344828,"bigger","bumford","cco",4,"haddock_model.wppl",1,0.9,1,"disallow","bag2"
"1301","rabbit","box","2",1,"bigger","bumford","no-cc",4,"haddock_model.wppl",1,0.9,1,"disallow","box2"
"2201","rabbit","box","2",0.633620689655172,"bigger","standard","cco",4,"haddock_model.wppl",1,0.9,1,"disallow","box2"
"1302","rabbit","bag","2",0.366379310344828,"bigger","standard","cco",4,"haddock_model.wppl",1,0.9,1,"disallow","bag2"
"1303","rabbit","box","2",1,"bigger","standard","no-cc",4,"haddock_model.wppl",1,0.9,1,"disallow","box2"
"2202","rabbit","box","2",0.537804878048781,"big","bumford","cco",4,"haddock_model.wppl",1,1,0,"disallow","box2"
"1304","rabbit","bag","2",0.46219512195122,"big","bumford","cco",4,"haddock_model.wppl",1,1,0,"disallow","bag2"
"2203","rabbit","box","2",0.6,"big","bumford","no-cc",4,"haddock_model.wppl",1,1,0,"disallow","box2"
"1305","rabbit","bag","2",0.4,"big","bumford","no-cc",4,"haddock_model.wppl",1,1,0,"disallow","bag2"
"2204","rabbit","box","2",0.633620689655172,"big","standard","cco",4,"haddock_model.wppl",1,1,0,"disallow","box2"
"1306","rabbit","bag","2",0.366379310344828,"big","standard","cco",4,"haddock_model.wppl",1,1,0,"disallow","bag2"
"2205","rabbit","box","2",0.633620689655172,"bigger","standard","cco",4,"haddock_model.wppl",1,1,0,"disallow","box2"
"1307","rabbit","bag","2",0.366379310344828,"bigger","standard","cco",4,"haddock_model.wppl",1,1,0,"disallow","bag2"
"1308","rabbit","box","2",1,"big","standard","no-cc",4,"haddock_model.wppl",1,1,0,"disallow","box2"
"1309","rabbit","box","2",1,"bigger","standard","no-cc",4,"haddock_model.wppl",1,1,0,"disallow","box2"
"2206","rabbit","box","2",0.501696563029587,"big","bumford","cco",4,"haddock_model.wppl",2,1,0,"disallow","box2"
"1310","rabbit","bag","2",0.498303436970413,"big","bumford","cco",4,"haddock_model.wppl",2,1,0,"disallow","bag2"
"2207","rabbit","box","2",0.502843212041985,"big","bumford","no-cc",4,"haddock_model.wppl",2,1,0,"disallow","box2"
"1311","rabbit","bag","2",0.497156787958015,"big","bumford","no-cc",4,"haddock_model.wppl",2,1,0,"disallow","bag2"
"2208","rabbit","box","2",0.509237408775956,"big","standard","cco",4,"haddock_model.wppl",2,1,0,"disallow","box2"
"1312","rabbit","bag","2",0.490762591224044,"big","standard","cco",4,"haddock_model.wppl",2,1,0,"disallow","bag2"
"1313","rabbit","box","2",1,"big","standard","no-cc",4,"haddock_model.wppl",2,1,0,"disallow","box2"
"2209","rabbit","box","2",0.537804878048781,"big","bumford","cco",4,"haddock_model.wppl",1,1,0.5,"disallow","box2"
"1314","rabbit","bag","2",0.46219512195122,"big","bumford","cco",4,"haddock_model.wppl",1,1,0.5,"disallow","bag2"
"2210","rabbit","box","2",0.6,"big","bumford","no-cc",4,"haddock_model.wppl",1,1,0.5,"disallow","box2"
"1315","rabbit","bag","2",0.4,"big","bumford","no-cc",4,"haddock_model.wppl",1,1,0.5,"disallow","bag2"
"2211","rabbit","box","2",0.633620689655172,"big","standard","cco",4,"haddock_model.wppl",1,1,0.5,"disallow","box2"
"1316","rabbit","bag","2",0.366379310344828,"big","standard","cco",4,"haddock_model.wppl",1,1,0.5,"disallow","bag2"
"2212","rabbit","box","2",0.633620689655172,"bigger","standard","cco",4,"haddock_model.wppl",1,1,0.5,"disallow","box2"
"1317","rabbit","bag","2",0.366379310344828,"bigger","standard","cco",4,"haddock_model.wppl",1,1,0.5,"disallow","bag2"
"1318","rabbit","box","2",1,"big","standard","no-cc",4,"haddock_model.wppl",1,1,0.5,"disallow","box2"
"1319","rabbit","box","2",1,"bigger","standard","no-cc",4,"haddock_model.wppl",1,1,0.5,"disallow","box2"
"2213","rabbit","box","2",0.503095079957648,"big","bumford","cco",4,"haddock_model.wppl",2,1,0.5,"disallow","box2"
"1320","rabbit","bag","2",0.496904920042352,"big","bumford","cco",4,"haddock_model.wppl",2,1,0.5,"disallow","bag2"
"2214","rabbit","box","2",0.505081030365126,"big","bumford","no-cc",4,"haddock_model.wppl",2,1,0.5,"disallow","box2"
"1321","rabbit","bag","2",0.494918969634874,"big","bumford","no-cc",4,"haddock_model.wppl",2,1,0.5,"disallow","bag2"
"2215","rabbit","box","2",0.512048512877566,"big","standard","cco",4,"haddock_model.wppl",2,1,0.5,"disallow","box2"
"1322","rabbit","bag","2",0.487951487122434,"big","standard","cco",4,"haddock_model.wppl",2,1,0.5,"disallow","bag2"
"1323","rabbit","box","2",1,"big","standard","no-cc",4,"haddock_model.wppl",2,1,0.5,"disallow","box2"
"2216","rabbit","box","2",0.537804878048781,"big","bumford","cco",4,"haddock_model.wppl",1,1,0.9,"disallow","box2"
"1324","rabbit","bag","2",0.46219512195122,"big","bumford","cco",4,"haddock_model.wppl",1,1,0.9,"disallow","bag2"
"2217","rabbit","box","2",0.6,"big","bumford","no-cc",4,"haddock_model.wppl",1,1,0.9,"disallow","box2"
"1325","rabbit","bag","2",0.4,"big","bumford","no-cc",4,"haddock_model.wppl",1,1,0.9,"disallow","bag2"
"2218","rabbit","box","2",0.633620689655172,"big","standard","cco",4,"haddock_model.wppl",1,1,0.9,"disallow","box2"
"1326","rabbit","bag","2",0.366379310344828,"big","standard","cco",4,"haddock_model.wppl",1,1,0.9,"disallow","bag2"
"2219","rabbit","box","2",0.633620689655172,"bigger","standard","cco",4,"haddock_model.wppl",1,1,0.9,"disallow","box2"
"1327","rabbit","bag","2",0.366379310344828,"bigger","standard","cco",4,"haddock_model.wppl",1,1,0.9,"disallow","bag2"
"1328","rabbit","box","2",1,"big","standard","no-cc",4,"haddock_model.wppl",1,1,0.9,"disallow","box2"
"1329","rabbit","box","2",1,"bigger","standard","no-cc",4,"haddock_model.wppl",1,1,0.9,"disallow","box2"
"2220","rabbit","box","2",0.511379805076669,"big","bumford","cco",4,"haddock_model.wppl",2,1,0.9,"disallow","box2"
"1330","rabbit","bag","2",0.488620194923331,"big","bumford","cco",4,"haddock_model.wppl",2,1,0.9,"disallow","bag2"
"2221","rabbit","box","2",0.52162965437939,"big","bumford","no-cc",4,"haddock_model.wppl",2,1,0.9,"disallow","box2"
"1331","rabbit","bag","2",0.47837034562061,"big","bumford","no-cc",4,"haddock_model.wppl",2,1,0.9,"disallow","bag2"
"2222","rabbit","box","2",0.53010007634851,"big","standard","cco",4,"haddock_model.wppl",2,1,0.9,"disallow","box2"
"1332","rabbit","bag","2",0.46989992365149,"big","standard","cco",4,"haddock_model.wppl",2,1,0.9,"disallow","bag2"
"1333","rabbit","box","2",1,"big","standard","no-cc",4,"haddock_model.wppl",2,1,0.9,"disallow","box2"
"2223","rabbit","box","2",0.633620689655172,"bigger","standard","cco",4,"haddock_model.wppl",1,1,1,"disallow","box2"
"1334","rabbit","bag","2",0.366379310344828,"bigger","standard","cco",4,"haddock_model.wppl",1,1,1,"disallow","bag2"
"1335","rabbit","box","2",1,"bigger","standard","no-cc",4,"haddock_model.wppl",1,1,1,"disallow","box2"
"2224","rabbit","box","2",0.579485284857199,"big","bumford","cco",4,"haddock_model.wppl",1,0,0,"lastresort","box2"
"1336","rabbit","bag","2",0.420514715142801,"big","bumford","cco",4,"haddock_model.wppl",1,0,0,"lastresort","bag2"
"2225","rabbit","box","2",0.633620689655172,"bigger","bumford","cco",4,"haddock_model.wppl",1,0,0,"lastresort","box2"
"1337","rabbit","bag","2",0.366379310344828,"bigger","bumford","cco",4,"haddock_model.wppl",1,0,0,"lastresort","bag2"
"2226","rabbit","box","2",0.555508583377682,"big","bumford","no-cc",4,"haddock_model.wppl",1,0,0,"lastresort","box2"
"1338","rabbit","bag","2",0.444491416622318,"big","bumford","no-cc",4,"haddock_model.wppl",1,0,0,"lastresort","bag2"
"1339","rabbit","box","2",1,"bigger","bumford","no-cc",4,"haddock_model.wppl",1,0,0,"lastresort","box2"
"2227","rabbit","box","2",0.624894260507246,"big","standard","cco",4,"haddock_model.wppl",1,0,0,"lastresort","box2"
"1340","rabbit","bag","2",0.375105739492754,"big","standard","cco",4,"haddock_model.wppl",1,0,0,"lastresort","bag2"
"2228","rabbit","box","2",0.633620689655172,"bigger","standard","cco",4,"haddock_model.wppl",1,0,0,"lastresort","box2"
"1341","rabbit","bag","2",0.366379310344828,"bigger","standard","cco",4,"haddock_model.wppl",1,0,0,"lastresort","bag2"
"1342","rabbit","box","2",1,"big","standard","no-cc",4,"haddock_model.wppl",1,0,0,"lastresort","box2"
"1343","rabbit","box","2",1,"bigger","standard","no-cc",4,"haddock_model.wppl",1,0,0,"lastresort","box2"
"2229","rabbit","box","2",0.501949156918234,"big","bumford","cco",4,"haddock_model.wppl",2,0,0,"lastresort","box2"
"1344","rabbit","bag","2",0.498050843081766,"big","bumford","cco",4,"haddock_model.wppl",2,0,0,"lastresort","bag2"
"2230","rabbit","box","2",0.502843212041985,"big","bumford","no-cc",4,"haddock_model.wppl",2,0,0,"lastresort","box2"
"1345","rabbit","bag","2",0.497156787958015,"big","bumford","no-cc",4,"haddock_model.wppl",2,0,0,"lastresort","bag2"
"2231","rabbit","box","2",0.508529876027029,"big","standard","cco",4,"haddock_model.wppl",2,0,0,"lastresort","box2"
"1346","rabbit","bag","2",0.491470123972971,"big","standard","cco",4,"haddock_model.wppl",2,0,0,"lastresort","bag2"
"1347","rabbit","box","2",1,"big","standard","no-cc",4,"haddock_model.wppl",2,0,0,"lastresort","box2"
"2232","rabbit","box","2",0.538412073665845,"big","bumford","cco",4,"haddock_model.wppl",1,0,0.5,"lastresort","box2"
"1348","rabbit","bag","2",0.461587926334155,"big","bumford","cco",4,"haddock_model.wppl",1,0,0.5,"lastresort","bag2"
"2233","rabbit","box","2",0.633620689655172,"bigger","bumford","cco",4,"haddock_model.wppl",1,0,0.5,"lastresort","box2"
"1349","rabbit","bag","2",0.366379310344828,"bigger","bumford","cco",4,"haddock_model.wppl",1,0,0.5,"lastresort","bag2"
"1350","rabbit","bag","2",0.50004755882746,"big","bumford","no-cc",4,"haddock_model.wppl",1,0,0.5,"lastresort","bag2"
"2234","rabbit","box","2",0.49995244117254,"big","bumford","no-cc",4,"haddock_model.wppl",1,0,0.5,"lastresort","box2"
"1351","rabbit","box","2",1,"bigger","bumford","no-cc",4,"haddock_model.wppl",1,0,0.5,"lastresort","box2"
"2235","rabbit","box","2",0.624894260507246,"big","standard","cco",4,"haddock_model.wppl",1,0,0.5,"lastresort","box2"
"1352","rabbit","bag","2",0.375105739492754,"big","standard","cco",4,"haddock_model.wppl",1,0,0.5,"lastresort","bag2"
"2236","rabbit","box","2",0.633620689655172,"bigger","standard","cco",4,"haddock_model.wppl",1,0,0.5,"lastresort","box2"
"1353","rabbit","bag","2",0.366379310344828,"bigger","standard","cco",4,"haddock_model.wppl",1,0,0.5,"lastresort","bag2"
"1354","rabbit","box","2",1,"big","standard","no-cc",4,"haddock_model.wppl",1,0,0.5,"lastresort","box2"
"1355","rabbit","box","2",1,"bigger","standard","no-cc",4,"haddock_model.wppl",1,0,0.5,"lastresort","box2"
"2237","rabbit","box","2",0.50084531622407,"big","bumford","cco",4,"haddock_model.wppl",2,0,0.5,"lastresort","box2"
"1356","rabbit","bag","2",0.49915468377593,"big","bumford","cco",4,"haddock_model.wppl",2,0,0.5,"lastresort","bag2"
"2238","rabbit","box","2",0.501223277548433,"big","bumford","no-cc",4,"haddock_model.wppl",2,0,0.5,"lastresort","box2"
"1357","rabbit","bag","2",0.498776722451567,"big","bumford","no-cc",4,"haddock_model.wppl",2,0,0.5,"lastresort","bag2"
"2239","rabbit","box","2",0.508514286289529,"big","standard","cco",4,"haddock_model.wppl",2,0,0.5,"lastresort","box2"
"1358","rabbit","bag","2",0.491485713710471,"big","standard","cco",4,"haddock_model.wppl",2,0,0.5,"lastresort","bag2"
"1359","rabbit","box","2",1,"big","standard","no-cc",4,"haddock_model.wppl",2,0,0.5,"lastresort","box2"
"2240","rabbit","box","2",0.509520707911723,"big","bumford","cco",4,"haddock_model.wppl",1,0,0.9,"lastresort","box2"
"1360","rabbit","bag","2",0.490479292088277,"big","bumford","cco",4,"haddock_model.wppl",1,0,0.9,"lastresort","bag2"
"2241","rabbit","box","2",0.633620689655172,"bigger","bumford","cco",4,"haddock_model.wppl",1,0,0.9,"lastresort","box2"
"1361","rabbit","bag","2",0.366379310344828,"bigger","bumford","cco",4,"haddock_model.wppl",1,0,0.9,"lastresort","bag2"
"1362","rabbit","bag","2",0.537084334577465,"big","bumford","no-cc",4,"haddock_model.wppl",1,0,0.9,"lastresort","bag2"
"2242","rabbit","box","2",0.462915665422535,"big","bumford","no-cc",4,"haddock_model.wppl",1,0,0.9,"lastresort","box2"
"1363","rabbit","box","2",1,"bigger","bumford","no-cc",4,"haddock_model.wppl",1,0,0.9,"lastresort","box2"
"2243","rabbit","box","2",0.624894260507246,"big","standard","cco",4,"haddock_model.wppl",1,0,0.9,"lastresort","box2"
"1364","rabbit","bag","2",0.375105739492754,"big","standard","cco",4,"haddock_model.wppl",1,0,0.9,"lastresort","bag2"
"2244","rabbit","box","2",0.633620689655172,"bigger","standard","cco",4,"haddock_model.wppl",1,0,0.9,"lastresort","box2"
"1365","rabbit","bag","2",0.366379310344828,"bigger","standard","cco",4,"haddock_model.wppl",1,0,0.9,"lastresort","bag2"
"1366","rabbit","box","2",1,"big","standard","no-cc",4,"haddock_model.wppl",1,0,0.9,"lastresort","box2"
"1367","rabbit","box","2",1,"bigger","standard","no-cc",4,"haddock_model.wppl",1,0,0.9,"lastresort","box2"
"2245","rabbit","box","2",0.500155072097501,"big","bumford","cco",4,"haddock_model.wppl",2,0,0.9,"lastresort","box2"
"1368","rabbit","bag","2",0.499844927902499,"big","bumford","cco",4,"haddock_model.wppl",2,0,0.9,"lastresort","bag2"
"2246","rabbit","box","2",0.500225862419468,"big","bumford","no-cc",4,"haddock_model.wppl",2,0,0.9,"lastresort","box2"
"1369","rabbit","bag","2",0.499774137580532,"big","bumford","no-cc",4,"haddock_model.wppl",2,0,0.9,"lastresort","bag2"
"2247","rabbit","box","2",0.508501810811641,"big","standard","cco",4,"haddock_model.wppl",2,0,0.9,"lastresort","box2"
"1370","rabbit","bag","2",0.491498189188359,"big","standard","cco",4,"haddock_model.wppl",2,0,0.9,"lastresort","bag2"
"1371","rabbit","box","2",1,"big","standard","no-cc",4,"haddock_model.wppl",2,0,0.9,"lastresort","box2"
"2248","rabbit","box","2",0.502775928241254,"big","bumford","cco",4,"haddock_model.wppl",1,0,1,"lastresort","box2"
"1372","rabbit","bag","2",0.497224071758747,"big","bumford","cco",4,"haddock_model.wppl",1,0,1,"lastresort","bag2"
"2249","rabbit","box","2",0.633620689655172,"bigger","bumford","cco",4,"haddock_model.wppl",1,0,1,"lastresort","box2"
"1373","rabbit","bag","2",0.366379310344828,"bigger","bumford","cco",4,"haddock_model.wppl",1,0,1,"lastresort","bag2"
"1374","rabbit","bag","2",0.545501710826003,"big","bumford","no-cc",4,"haddock_model.wppl",1,0,1,"lastresort","bag2"
"2250","rabbit","box","2",0.454498289173997,"big","bumford","no-cc",4,"haddock_model.wppl",1,0,1,"lastresort","box2"
"1375","rabbit","box","2",1,"bigger","bumford","no-cc",4,"haddock_model.wppl",1,0,1,"lastresort","box2"
"2251","rabbit","box","2",0.624894260507246,"big","standard","cco",4,"haddock_model.wppl",1,0,1,"lastresort","box2"
"1376","rabbit","bag","2",0.375105739492754,"big","standard","cco",4,"haddock_model.wppl",1,0,1,"lastresort","bag2"
"2252","rabbit","box","2",0.633620689655172,"bigger","standard","cco",4,"haddock_model.wppl",1,0,1,"lastresort","box2"
"1377","rabbit","bag","2",0.366379310344828,"bigger","standard","cco",4,"haddock_model.wppl",1,0,1,"lastresort","bag2"
"1378","rabbit","box","2",1,"big","standard","no-cc",4,"haddock_model.wppl",1,0,1,"lastresort","box2"
"1379","rabbit","box","2",1,"bigger","standard","no-cc",4,"haddock_model.wppl",1,0,1,"lastresort","box2"
"1380","rabbit","bag","2",0.5,"big","bumford","cco",4,"haddock_model.wppl",2,0,1,"lastresort","bag2"
"2253","rabbit","box","2",0.5,"big","bumford","cco",4,"haddock_model.wppl",2,0,1,"lastresort","box2"
"1381","rabbit","bag","2",0.5,"big","bumford","no-cc",4,"haddock_model.wppl",2,0,1,"lastresort","bag2"
"2254","rabbit","box","2",0.5,"big","bumford","no-cc",4,"haddock_model.wppl",2,0,1,"lastresort","box2"
"2255","rabbit","box","2",0.508498691429726,"big","standard","cco",4,"haddock_model.wppl",2,0,1,"lastresort","box2"
"1382","rabbit","bag","2",0.491501308570274,"big","standard","cco",4,"haddock_model.wppl",2,0,1,"lastresort","bag2"
"1383","rabbit","box","2",1,"big","standard","no-cc",4,"haddock_model.wppl",2,0,1,"lastresort","box2"
"2256","rabbit","box","2",0.581177763646336,"big","bumford","cco",4,"haddock_model.wppl",1,0.5,0,"lastresort","box2"
"1384","rabbit","bag","2",0.418822236353664,"big","bumford","cco",4,"haddock_model.wppl",1,0.5,0,"lastresort","bag2"
"2257","rabbit","box","2",0.633620689655172,"bigger","bumford","cco",4,"haddock_model.wppl",1,0.5,0,"lastresort","box2"
"1385","rabbit","bag","2",0.366379310344828,"bigger","bumford","cco",4,"haddock_model.wppl",1,0.5,0,"lastresort","bag2"
"2258","rabbit","box","2",0.578926290666035,"big","bumford","no-cc",4,"haddock_model.wppl",1,0.5,0,"lastresort","box2"
"1386","rabbit","bag","2",0.421073709333965,"big","bumford","no-cc",4,"haddock_model.wppl",1,0.5,0,"lastresort","bag2"
"1387","rabbit","box","2",1,"bigger","bumford","no-cc",4,"haddock_model.wppl",1,0.5,0,"lastresort","box2"
"2259","rabbit","box","2",0.624894260507246,"big","standard","cco",4,"haddock_model.wppl",1,0.5,0,"lastresort","box2"
"1388","rabbit","bag","2",0.375105739492754,"big","standard","cco",4,"haddock_model.wppl",1,0.5,0,"lastresort","bag2"
"2260","rabbit","box","2",0.633620689655172,"bigger","standard","cco",4,"haddock_model.wppl",1,0.5,0,"lastresort","box2"
"1389","rabbit","bag","2",0.366379310344828,"bigger","standard","cco",4,"haddock_model.wppl",1,0.5,0,"lastresort","bag2"
"1390","rabbit","box","2",1,"big","standard","no-cc",4,"haddock_model.wppl",1,0.5,0,"lastresort","box2"
"1391","rabbit","box","2",1,"bigger","standard","no-cc",4,"haddock_model.wppl",1,0.5,0,"lastresort","box2"
"2261","rabbit","box","2",0.501949156918234,"big","bumford","cco",4,"haddock_model.wppl",2,0.5,0,"lastresort","box2"
"1392","rabbit","bag","2",0.498050843081766,"big","bumford","cco",4,"haddock_model.wppl",2,0.5,0,"lastresort","bag2"
"2262","rabbit","box","2",0.502843212041986,"big","bumford","no-cc",4,"haddock_model.wppl",2,0.5,0,"lastresort","box2"
"1393","rabbit","bag","2",0.497156787958014,"big","bumford","no-cc",4,"haddock_model.wppl",2,0.5,0,"lastresort","bag2"
"2263","rabbit","box","2",0.508529876027029,"big","standard","cco",4,"haddock_model.wppl",2,0.5,0,"lastresort","box2"
"1394","rabbit","bag","2",0.491470123972971,"big","standard","cco",4,"haddock_model.wppl",2,0.5,0,"lastresort","bag2"
"1395","rabbit","box","2",1,"big","standard","no-cc",4,"haddock_model.wppl",2,0.5,0,"lastresort","box2"
"2264","rabbit","box","2",0.538312953350375,"big","bumford","cco",4,"haddock_model.wppl",1,0.5,0.5,"lastresort","box2"
"1396","rabbit","bag","2",0.461687046649625,"big","bumford","cco",4,"haddock_model.wppl",1,0.5,0.5,"lastresort","bag2"
"2265","rabbit","box","2",0.633620689655172,"bigger","bumford","cco",4,"haddock_model.wppl",1,0.5,0.5,"lastresort","box2"
"1397","rabbit","bag","2",0.366379310344828,"bigger","bumford","cco",4,"haddock_model.wppl",1,0.5,0.5,"lastresort","bag2"
"2266","rabbit","box","2",0.523787956254862,"big","bumford","no-cc",4,"haddock_model.wppl",1,0.5,0.5,"lastresort","box2"
"1398","rabbit","bag","2",0.476212043745138,"big","bumford","no-cc",4,"haddock_model.wppl",1,0.5,0.5,"lastresort","bag2"
"1399","rabbit","box","2",1,"bigger","bumford","no-cc",4,"haddock_model.wppl",1,0.5,0.5,"lastresort","box2"
"2267","rabbit","box","2",0.624894260507246,"big","standard","cco",4,"haddock_model.wppl",1,0.5,0.5,"lastresort","box2"
"1400","rabbit","bag","2",0.375105739492754,"big","standard","cco",4,"haddock_model.wppl",1,0.5,0.5,"lastresort","bag2"
"2268","rabbit","box","2",0.633620689655172,"bigger","standard","cco",4,"haddock_model.wppl",1,0.5,0.5,"lastresort","box2"
"1401","rabbit","bag","2",0.366379310344828,"bigger","standard","cco",4,"haddock_model.wppl",1,0.5,0.5,"lastresort","bag2"
"1402","rabbit","box","2",1,"big","standard","no-cc",4,"haddock_model.wppl",1,0.5,0.5,"lastresort","box2"
"1403","rabbit","box","2",1,"bigger","standard","no-cc",4,"haddock_model.wppl",1,0.5,0.5,"lastresort","box2"
"2269","rabbit","box","2",0.50084531622407,"big","bumford","cco",4,"haddock_model.wppl",2,0.5,0.5,"lastresort","box2"
"1404","rabbit","bag","2",0.49915468377593,"big","bumford","cco",4,"haddock_model.wppl",2,0.5,0.5,"lastresort","bag2"
"2270","rabbit","box","2",0.501223277548433,"big","bumford","no-cc",4,"haddock_model.wppl",2,0.5,0.5,"lastresort","box2"
"1405","rabbit","bag","2",0.498776722451567,"big","bumford","no-cc",4,"haddock_model.wppl",2,0.5,0.5,"lastresort","bag2"
"2271","rabbit","box","2",0.508514286289529,"big","standard","cco",4,"haddock_model.wppl",2,0.5,0.5,"lastresort","box2"
"1406","rabbit","bag","2",0.491485713710471,"big","standard","cco",4,"haddock_model.wppl",2,0.5,0.5,"lastresort","bag2"
"1407","rabbit","box","2",1,"big","standard","no-cc",4,"haddock_model.wppl",2,0.5,0.5,"lastresort","box2"
"2272","rabbit","box","2",0.50832000854243,"big","bumford","cco",4,"haddock_model.wppl",1,0.5,0.9,"lastresort","box2"
"1408","rabbit","bag","2",0.491679991457571,"big","bumford","cco",4,"haddock_model.wppl",1,0.5,0.9,"lastresort","bag2"
"2273","rabbit","box","2",0.633620689655172,"bigger","bumford","cco",4,"haddock_model.wppl",1,0.5,0.9,"lastresort","box2"
"1409","rabbit","bag","2",0.366379310344828,"bigger","bumford","cco",4,"haddock_model.wppl",1,0.5,0.9,"lastresort","bag2"
"1410","rabbit","bag","2",0.513295937549701,"big","bumford","no-cc",4,"haddock_model.wppl",1,0.5,0.9,"lastresort","bag2"
"2274","rabbit","box","2",0.486704062450299,"big","bumford","no-cc",4,"haddock_model.wppl",1,0.5,0.9,"lastresort","box2"
"1411","rabbit","box","2",1,"bigger","bumford","no-cc",4,"haddock_model.wppl",1,0.5,0.9,"lastresort","box2"
"2275","rabbit","box","2",0.624894260507246,"big","standard","cco",4,"haddock_model.wppl",1,0.5,0.9,"lastresort","box2"
"1412","rabbit","bag","2",0.375105739492754,"big","standard","cco",4,"haddock_model.wppl",1,0.5,0.9,"lastresort","bag2"
"2276","rabbit","box","2",0.633620689655172,"bigger","standard","cco",4,"haddock_model.wppl",1,0.5,0.9,"lastresort","box2"
"1413","rabbit","bag","2",0.366379310344828,"bigger","standard","cco",4,"haddock_model.wppl",1,0.5,0.9,"lastresort","bag2"
"1414","rabbit","box","2",1,"big","standard","no-cc",4,"haddock_model.wppl",1,0.5,0.9,"lastresort","box2"
"1415","rabbit","box","2",1,"bigger","standard","no-cc",4,"haddock_model.wppl",1,0.5,0.9,"lastresort","box2"
"2277","rabbit","box","2",0.500155072097501,"big","bumford","cco",4,"haddock_model.wppl",2,0.5,0.9,"lastresort","box2"
"1416","rabbit","bag","2",0.499844927902499,"big","bumford","cco",4,"haddock_model.wppl",2,0.5,0.9,"lastresort","bag2"
"2278","rabbit","box","2",0.500225862419468,"big","bumford","no-cc",4,"haddock_model.wppl",2,0.5,0.9,"lastresort","box2"
"1417","rabbit","bag","2",0.499774137580532,"big","bumford","no-cc",4,"haddock_model.wppl",2,0.5,0.9,"lastresort","bag2"
"2279","rabbit","box","2",0.508501810811641,"big","standard","cco",4,"haddock_model.wppl",2,0.5,0.9,"lastresort","box2"
"1418","rabbit","bag","2",0.491498189188359,"big","standard","cco",4,"haddock_model.wppl",2,0.5,0.9,"lastresort","bag2"
"1419","rabbit","box","2",1,"big","standard","no-cc",4,"haddock_model.wppl",2,0.5,0.9,"lastresort","box2"
"2280","rabbit","box","2",0.501336818085354,"big","bumford","cco",4,"haddock_model.wppl",1,0.5,1,"lastresort","box2"
"1420","rabbit","bag","2",0.498663181914646,"big","bumford","cco",4,"haddock_model.wppl",1,0.5,1,"lastresort","bag2"
"2281","rabbit","box","2",0.633620689655172,"bigger","bumford","cco",4,"haddock_model.wppl",1,0.5,1,"lastresort","box2"
"1421","rabbit","bag","2",0.366379310344828,"bigger","bumford","cco",4,"haddock_model.wppl",1,0.5,1,"lastresort","bag2"
"1422","rabbit","bag","2",0.521760706058556,"big","bumford","no-cc",4,"haddock_model.wppl",1,0.5,1,"lastresort","bag2"
"2282","rabbit","box","2",0.478239293941444,"big","bumford","no-cc",4,"haddock_model.wppl",1,0.5,1,"lastresort","box2"
"1423","rabbit","box","2",1,"bigger","bumford","no-cc",4,"haddock_model.wppl",1,0.5,1,"lastresort","box2"
"2283","rabbit","box","2",0.624894260507246,"big","standard","cco",4,"haddock_model.wppl",1,0.5,1,"lastresort","box2"
"1424","rabbit","bag","2",0.375105739492754,"big","standard","cco",4,"haddock_model.wppl",1,0.5,1,"lastresort","bag2"
"2284","rabbit","box","2",0.633620689655172,"bigger","standard","cco",4,"haddock_model.wppl",1,0.5,1,"lastresort","box2"
"1425","rabbit","bag","2",0.366379310344828,"bigger","standard","cco",4,"haddock_model.wppl",1,0.5,1,"lastresort","bag2"
"1426","rabbit","box","2",1,"big","standard","no-cc",4,"haddock_model.wppl",1,0.5,1,"lastresort","box2"
"1427","rabbit","box","2",1,"bigger","standard","no-cc",4,"haddock_model.wppl",1,0.5,1,"lastresort","box2"
"1428","rabbit","bag","2",0.5,"big","bumford","cco",4,"haddock_model.wppl",2,0.5,1,"lastresort","bag2"
"2285","rabbit","box","2",0.5,"big","bumford","cco",4,"haddock_model.wppl",2,0.5,1,"lastresort","box2"
"1429","rabbit","bag","2",0.5,"big","bumford","no-cc",4,"haddock_model.wppl",2,0.5,1,"lastresort","bag2"
"2286","rabbit","box","2",0.5,"big","bumford","no-cc",4,"haddock_model.wppl",2,0.5,1,"lastresort","box2"
"2287","rabbit","box","2",0.508498691429726,"big","standard","cco",4,"haddock_model.wppl",2,0.5,1,"lastresort","box2"
"1430","rabbit","bag","2",0.491501308570274,"big","standard","cco",4,"haddock_model.wppl",2,0.5,1,"lastresort","bag2"
"1431","rabbit","box","2",1,"big","standard","no-cc",4,"haddock_model.wppl",2,0.5,1,"lastresort","box2"
"2288","rabbit","box","2",0.582457410705097,"big","bumford","cco",4,"haddock_model.wppl",1,0.9,0,"lastresort","box2"
"1432","rabbit","bag","2",0.417542589294903,"big","bumford","cco",4,"haddock_model.wppl",1,0.9,0,"lastresort","bag2"
"2289","rabbit","box","2",0.633620689655172,"bigger","bumford","cco",4,"haddock_model.wppl",1,0.9,0,"lastresort","box2"
"1433","rabbit","bag","2",0.366379310344828,"bigger","bumford","cco",4,"haddock_model.wppl",1,0.9,0,"lastresort","bag2"
"2290","rabbit","box","2",0.595955714334369,"big","bumford","no-cc",4,"haddock_model.wppl",1,0.9,0,"lastresort","box2"
"1434","rabbit","bag","2",0.404044285665631,"big","bumford","no-cc",4,"haddock_model.wppl",1,0.9,0,"lastresort","bag2"
"1435","rabbit","box","2",1,"bigger","bumford","no-cc",4,"haddock_model.wppl",1,0.9,0,"lastresort","box2"
"2291","rabbit","box","2",0.624894260507246,"big","standard","cco",4,"haddock_model.wppl",1,0.9,0,"lastresort","box2"
"1436","rabbit","bag","2",0.375105739492754,"big","standard","cco",4,"haddock_model.wppl",1,0.9,0,"lastresort","bag2"
"2292","rabbit","box","2",0.633620689655172,"bigger","standard","cco",4,"haddock_model.wppl",1,0.9,0,"lastresort","box2"
"1437","rabbit","bag","2",0.366379310344828,"bigger","standard","cco",4,"haddock_model.wppl",1,0.9,0,"lastresort","bag2"
"1438","rabbit","box","2",1,"big","standard","no-cc",4,"haddock_model.wppl",1,0.9,0,"lastresort","box2"
"1439","rabbit","box","2",1,"bigger","standard","no-cc",4,"haddock_model.wppl",1,0.9,0,"lastresort","box2"
"2293","rabbit","box","2",0.501949156918234,"big","bumford","cco",4,"haddock_model.wppl",2,0.9,0,"lastresort","box2"
"1440","rabbit","bag","2",0.498050843081766,"big","bumford","cco",4,"haddock_model.wppl",2,0.9,0,"lastresort","bag2"
"2294","rabbit","box","2",0.502843212041986,"big","bumford","no-cc",4,"haddock_model.wppl",2,0.9,0,"lastresort","box2"
"1441","rabbit","bag","2",0.497156787958014,"big","bumford","no-cc",4,"haddock_model.wppl",2,0.9,0,"lastresort","bag2"
"2295","rabbit","box","2",0.508529876027029,"big","standard","cco",4,"haddock_model.wppl",2,0.9,0,"lastresort","box2"
"1442","rabbit","bag","2",0.491470123972971,"big","standard","cco",4,"haddock_model.wppl",2,0.9,0,"lastresort","bag2"
"1443","rabbit","box","2",1,"big","standard","no-cc",4,"haddock_model.wppl",2,0.9,0,"lastresort","box2"
"2296","rabbit","box","2",0.538238417058512,"big","bumford","cco",4,"haddock_model.wppl",1,0.9,0.5,"lastresort","box2"
"1444","rabbit","bag","2",0.461761582941488,"big","bumford","cco",4,"haddock_model.wppl",1,0.9,0.5,"lastresort","bag2"
"2297","rabbit","box","2",0.633620689655172,"bigger","bumford","cco",4,"haddock_model.wppl",1,0.9,0.5,"lastresort","box2"
"1445","rabbit","bag","2",0.366379310344828,"bigger","bumford","cco",4,"haddock_model.wppl",1,0.9,0.5,"lastresort","bag2"
"2298","rabbit","box","2",0.541280401084156,"big","bumford","no-cc",4,"haddock_model.wppl",1,0.9,0.5,"lastresort","box2"
"1446","rabbit","bag","2",0.458719598915844,"big","bumford","no-cc",4,"haddock_model.wppl",1,0.9,0.5,"lastresort","bag2"
"1447","rabbit","box","2",1,"bigger","bumford","no-cc",4,"haddock_model.wppl",1,0.9,0.5,"lastresort","box2"
"2299","rabbit","box","2",0.624894260507246,"big","standard","cco",4,"haddock_model.wppl",1,0.9,0.5,"lastresort","box2"
"1448","rabbit","bag","2",0.375105739492754,"big","standard","cco",4,"haddock_model.wppl",1,0.9,0.5,"lastresort","bag2"
"2300","rabbit","box","2",0.633620689655172,"bigger","standard","cco",4,"haddock_model.wppl",1,0.9,0.5,"lastresort","box2"
"1449","rabbit","bag","2",0.366379310344828,"bigger","standard","cco",4,"haddock_model.wppl",1,0.9,0.5,"lastresort","bag2"
"1450","rabbit","box","2",1,"big","standard","no-cc",4,"haddock_model.wppl",1,0.9,0.5,"lastresort","box2"
"1451","rabbit","box","2",1,"bigger","standard","no-cc",4,"haddock_model.wppl",1,0.9,0.5,"lastresort","box2"
"2301","rabbit","box","2",0.50084531622407,"big","bumford","cco",4,"haddock_model.wppl",2,0.9,0.5,"lastresort","box2"
"1452","rabbit","bag","2",0.49915468377593,"big","bumford","cco",4,"haddock_model.wppl",2,0.9,0.5,"lastresort","bag2"
"2302","rabbit","box","2",0.501223277548433,"big","bumford","no-cc",4,"haddock_model.wppl",2,0.9,0.5,"lastresort","box2"
"1453","rabbit","bag","2",0.498776722451567,"big","bumford","no-cc",4,"haddock_model.wppl",2,0.9,0.5,"lastresort","bag2"
"2303","rabbit","box","2",0.508514286289529,"big","standard","cco",4,"haddock_model.wppl",2,0.9,0.5,"lastresort","box2"
"1454","rabbit","bag","2",0.491485713710471,"big","standard","cco",4,"haddock_model.wppl",2,0.9,0.5,"lastresort","bag2"
"1455","rabbit","box","2",1,"big","standard","no-cc",4,"haddock_model.wppl",2,0.9,0.5,"lastresort","box2"
"2304","rabbit","box","2",0.507420540594664,"big","bumford","cco",4,"haddock_model.wppl",1,0.9,0.9,"lastresort","box2"
"1456","rabbit","bag","2",0.492579459405335,"big","bumford","cco",4,"haddock_model.wppl",1,0.9,0.9,"lastresort","bag2"
"2305","rabbit","box","2",0.633620689655172,"bigger","bumford","cco",4,"haddock_model.wppl",1,0.9,0.9,"lastresort","box2"
"1457","rabbit","bag","2",0.366379310344828,"bigger","bumford","cco",4,"haddock_model.wppl",1,0.9,0.9,"lastresort","bag2"
"2306","rabbit","box","2",0.504269474509365,"big","bumford","no-cc",4,"haddock_model.wppl",1,0.9,0.9,"lastresort","box2"
"1458","rabbit","bag","2",0.495730525490635,"big","bumford","no-cc",4,"haddock_model.wppl",1,0.9,0.9,"lastresort","bag2"
"1459","rabbit","box","2",1,"bigger","bumford","no-cc",4,"haddock_model.wppl",1,0.9,0.9,"lastresort","box2"
"2307","rabbit","box","2",0.624894260507246,"big","standard","cco",4,"haddock_model.wppl",1,0.9,0.9,"lastresort","box2"
"1460","rabbit","bag","2",0.375105739492754,"big","standard","cco",4,"haddock_model.wppl",1,0.9,0.9,"lastresort","bag2"
"2308","rabbit","box","2",0.633620689655172,"bigger","standard","cco",4,"haddock_model.wppl",1,0.9,0.9,"lastresort","box2"
"1461","rabbit","bag","2",0.366379310344828,"bigger","standard","cco",4,"haddock_model.wppl",1,0.9,0.9,"lastresort","bag2"
"1462","rabbit","box","2",1,"big","standard","no-cc",4,"haddock_model.wppl",1,0.9,0.9,"lastresort","box2"
"1463","rabbit","box","2",1,"bigger","standard","no-cc",4,"haddock_model.wppl",1,0.9,0.9,"lastresort","box2"
"2309","rabbit","box","2",0.500155072097501,"big","bumford","cco",4,"haddock_model.wppl",2,0.9,0.9,"lastresort","box2"
"1464","rabbit","bag","2",0.499844927902499,"big","bumford","cco",4,"haddock_model.wppl",2,0.9,0.9,"lastresort","bag2"
"2310","rabbit","box","2",0.500225862419468,"big","bumford","no-cc",4,"haddock_model.wppl",2,0.9,0.9,"lastresort","box2"
"1465","rabbit","bag","2",0.499774137580532,"big","bumford","no-cc",4,"haddock_model.wppl",2,0.9,0.9,"lastresort","bag2"
"2311","rabbit","box","2",0.508501810811641,"big","standard","cco",4,"haddock_model.wppl",2,0.9,0.9,"lastresort","box2"
"1466","rabbit","bag","2",0.491498189188359,"big","standard","cco",4,"haddock_model.wppl",2,0.9,0.9,"lastresort","bag2"
"1467","rabbit","box","2",1,"big","standard","no-cc",4,"haddock_model.wppl",2,0.9,0.9,"lastresort","box2"
"2312","rabbit","box","2",0.500259707506042,"big","bumford","cco",4,"haddock_model.wppl",1,0.9,1,"lastresort","box2"
"1468","rabbit","bag","2",0.499740292493958,"big","bumford","cco",4,"haddock_model.wppl",1,0.9,1,"lastresort","bag2"
"2313","rabbit","box","2",0.633620689655172,"bigger","bumford","cco",4,"haddock_model.wppl",1,0.9,1,"lastresort","box2"
"1469","rabbit","bag","2",0.366379310344828,"bigger","bumford","cco",4,"haddock_model.wppl",1,0.9,1,"lastresort","bag2"
"1470","rabbit","bag","2",0.50420571044567,"big","bumford","no-cc",4,"haddock_model.wppl",1,0.9,1,"lastresort","bag2"
"2314","rabbit","box","2",0.49579428955433,"big","bumford","no-cc",4,"haddock_model.wppl",1,0.9,1,"lastresort","box2"
"1471","rabbit","box","2",1,"bigger","bumford","no-cc",4,"haddock_model.wppl",1,0.9,1,"lastresort","box2"
"2315","rabbit","box","2",0.624894260507246,"big","standard","cco",4,"haddock_model.wppl",1,0.9,1,"lastresort","box2"
"1472","rabbit","bag","2",0.375105739492754,"big","standard","cco",4,"haddock_model.wppl",1,0.9,1,"lastresort","bag2"
"2316","rabbit","box","2",0.633620689655172,"bigger","standard","cco",4,"haddock_model.wppl",1,0.9,1,"lastresort","box2"
"1473","rabbit","bag","2",0.366379310344828,"bigger","standard","cco",4,"haddock_model.wppl",1,0.9,1,"lastresort","bag2"
"1474","rabbit","box","2",1,"big","standard","no-cc",4,"haddock_model.wppl",1,0.9,1,"lastresort","box2"
"1475","rabbit","box","2",1,"bigger","standard","no-cc",4,"haddock_model.wppl",1,0.9,1,"lastresort","box2"
"1476","rabbit","bag","2",0.5,"big","bumford","cco",4,"haddock_model.wppl",2,0.9,1,"lastresort","bag2"
"2317","rabbit","box","2",0.5,"big","bumford","cco",4,"haddock_model.wppl",2,0.9,1,"lastresort","box2"
"1477","rabbit","bag","2",0.5,"big","bumford","no-cc",4,"haddock_model.wppl",2,0.9,1,"lastresort","bag2"
"2318","rabbit","box","2",0.5,"big","bumford","no-cc",4,"haddock_model.wppl",2,0.9,1,"lastresort","box2"
"2319","rabbit","box","2",0.508498691429726,"big","standard","cco",4,"haddock_model.wppl",2,0.9,1,"lastresort","box2"
"1478","rabbit","bag","2",0.491501308570274,"big","standard","cco",4,"haddock_model.wppl",2,0.9,1,"lastresort","bag2"
"1479","rabbit","box","2",1,"big","standard","no-cc",4,"haddock_model.wppl",2,0.9,1,"lastresort","box2"
"2320","rabbit","box","2",0.582767624020888,"big","bumford","cco",4,"haddock_model.wppl",1,1,0,"lastresort","box2"
"1480","rabbit","bag","2",0.417232375979112,"big","bumford","cco",4,"haddock_model.wppl",1,1,0,"lastresort","bag2"
"2321","rabbit","box","2",0.6,"big","bumford","no-cc",4,"haddock_model.wppl",1,1,0,"lastresort","box2"
"1481","rabbit","bag","2",0.4,"big","bumford","no-cc",4,"haddock_model.wppl",1,1,0,"lastresort","bag2"
"2322","rabbit","box","2",0.624894260507246,"big","standard","cco",4,"haddock_model.wppl",1,1,0,"lastresort","box2"
"1482","rabbit","bag","2",0.375105739492754,"big","standard","cco",4,"haddock_model.wppl",1,1,0,"lastresort","bag2"
"2323","rabbit","box","2",0.633620689655172,"bigger","standard","cco",4,"haddock_model.wppl",1,1,0,"lastresort","box2"
"1483","rabbit","bag","2",0.366379310344828,"bigger","standard","cco",4,"haddock_model.wppl",1,1,0,"lastresort","bag2"
"1484","rabbit","box","2",1,"big","standard","no-cc",4,"haddock_model.wppl",1,1,0,"lastresort","box2"
"1485","rabbit","box","2",1,"bigger","standard","no-cc",4,"haddock_model.wppl",1,1,0,"lastresort","box2"
"2324","rabbit","box","2",0.501949156918234,"big","bumford","cco",4,"haddock_model.wppl",2,1,0,"lastresort","box2"
"1486","rabbit","bag","2",0.498050843081766,"big","bumford","cco",4,"haddock_model.wppl",2,1,0,"lastresort","bag2"
"2325","rabbit","box","2",0.502843212041985,"big","bumford","no-cc",4,"haddock_model.wppl",2,1,0,"lastresort","box2"
"1487","rabbit","bag","2",0.497156787958015,"big","bumford","no-cc",4,"haddock_model.wppl",2,1,0,"lastresort","bag2"
"2326","rabbit","box","2",0.508529876027029,"big","standard","cco",4,"haddock_model.wppl",2,1,0,"lastresort","box2"
"1488","rabbit","bag","2",0.491470123972971,"big","standard","cco",4,"haddock_model.wppl",2,1,0,"lastresort","bag2"
"1489","rabbit","box","2",1,"big","standard","no-cc",4,"haddock_model.wppl",2,1,0,"lastresort","box2"
"2327","rabbit","box","2",0.538220400289366,"big","bumford","cco",4,"haddock_model.wppl",1,1,0.5,"lastresort","box2"
"1490","rabbit","bag","2",0.461779599710634,"big","bumford","cco",4,"haddock_model.wppl",1,1,0.5,"lastresort","bag2"
"2328","rabbit","box","2",0.545454545454546,"big","bumford","no-cc",4,"haddock_model.wppl",1,1,0.5,"lastresort","box2"
"1491","rabbit","bag","2",0.454545454545454,"big","bumford","no-cc",4,"haddock_model.wppl",1,1,0.5,"lastresort","bag2"
"2329","rabbit","box","2",0.624894260507246,"big","standard","cco",4,"haddock_model.wppl",1,1,0.5,"lastresort","box2"
"1492","rabbit","bag","2",0.375105739492754,"big","standard","cco",4,"haddock_model.wppl",1,1,0.5,"lastresort","bag2"
"2330","rabbit","box","2",0.633620689655172,"bigger","standard","cco",4,"haddock_model.wppl",1,1,0.5,"lastresort","box2"
"1493","rabbit","bag","2",0.366379310344828,"bigger","standard","cco",4,"haddock_model.wppl",1,1,0.5,"lastresort","bag2"
"1494","rabbit","box","2",1,"big","standard","no-cc",4,"haddock_model.wppl",1,1,0.5,"lastresort","box2"
"1495","rabbit","box","2",1,"bigger","standard","no-cc",4,"haddock_model.wppl",1,1,0.5,"lastresort","box2"
"2331","rabbit","box","2",0.50084531622407,"big","bumford","cco",4,"haddock_model.wppl",2,1,0.5,"lastresort","box2"
"1496","rabbit","bag","2",0.49915468377593,"big","bumford","cco",4,"haddock_model.wppl",2,1,0.5,"lastresort","bag2"
"2332","rabbit","box","2",0.501223277548433,"big","bumford","no-cc",4,"haddock_model.wppl",2,1,0.5,"lastresort","box2"
"1497","rabbit","bag","2",0.498776722451567,"big","bumford","no-cc",4,"haddock_model.wppl",2,1,0.5,"lastresort","bag2"
"2333","rabbit","box","2",0.508514286289529,"big","standard","cco",4,"haddock_model.wppl",2,1,0.5,"lastresort","box2"
"1498","rabbit","bag","2",0.491485713710471,"big","standard","cco",4,"haddock_model.wppl",2,1,0.5,"lastresort","bag2"
"1499","rabbit","box","2",1,"big","standard","no-cc",4,"haddock_model.wppl",2,1,0.5,"lastresort","box2"
"2334","rabbit","box","2",0.50720356315048,"big","bumford","cco",4,"haddock_model.wppl",1,1,0.9,"lastresort","box2"
"1500","rabbit","bag","2",0.49279643684952,"big","bumford","cco",4,"haddock_model.wppl",1,1,0.9,"lastresort","bag2"
"2335","rabbit","box","2",0.508474576271186,"big","bumford","no-cc",4,"haddock_model.wppl",1,1,0.9,"lastresort","box2"
"1501","rabbit","bag","2",0.491525423728814,"big","bumford","no-cc",4,"haddock_model.wppl",1,1,0.9,"lastresort","bag2"
"2336","rabbit","box","2",0.624894260507246,"big","standard","cco",4,"haddock_model.wppl",1,1,0.9,"lastresort","box2"
"1502","rabbit","bag","2",0.375105739492754,"big","standard","cco",4,"haddock_model.wppl",1,1,0.9,"lastresort","bag2"
"2337","rabbit","box","2",0.633620689655172,"bigger","standard","cco",4,"haddock_model.wppl",1,1,0.9,"lastresort","box2"
"1503","rabbit","bag","2",0.366379310344828,"bigger","standard","cco",4,"haddock_model.wppl",1,1,0.9,"lastresort","bag2"
"1504","rabbit","box","2",1,"big","standard","no-cc",4,"haddock_model.wppl",1,1,0.9,"lastresort","box2"
"1505","rabbit","box","2",1,"bigger","standard","no-cc",4,"haddock_model.wppl",1,1,0.9,"lastresort","box2"
"2338","rabbit","box","2",0.500155072097501,"big","bumford","cco",4,"haddock_model.wppl",2,1,0.9,"lastresort","box2"
"1506","rabbit","bag","2",0.499844927902499,"big","bumford","cco",4,"haddock_model.wppl",2,1,0.9,"lastresort","bag2"
"2339","rabbit","box","2",0.500225862419468,"big","bumford","no-cc",4,"haddock_model.wppl",2,1,0.9,"lastresort","box2"
"1507","rabbit","bag","2",0.499774137580532,"big","bumford","no-cc",4,"haddock_model.wppl",2,1,0.9,"lastresort","bag2"
"2340","rabbit","box","2",0.508501810811641,"big","standard","cco",4,"haddock_model.wppl",2,1,0.9,"lastresort","box2"
"1508","rabbit","bag","2",0.491498189188359,"big","standard","cco",4,"haddock_model.wppl",2,1,0.9,"lastresort","bag2"
"1509","rabbit","box","2",1,"big","standard","no-cc",4,"haddock_model.wppl",2,1,0.9,"lastresort","box2"
"1510","rabbit","bag","2",0.5,"big","bumford","cco",4,"haddock_model.wppl",1,1,1,"lastresort","bag2"
"2341","rabbit","box","2",0.5,"big","bumford","cco",4,"haddock_model.wppl",1,1,1,"lastresort","box2"
"1511","rabbit","bag","2",0.5,"big","bumford","no-cc",4,"haddock_model.wppl",1,1,1,"lastresort","bag2"
"2342","rabbit","box","2",0.5,"big","bumford","no-cc",4,"haddock_model.wppl",1,1,1,"lastresort","box2"
"2343","rabbit","box","2",0.624894260507246,"big","standard","cco",4,"haddock_model.wppl",1,1,1,"lastresort","box2"
"1512","rabbit","bag","2",0.375105739492754,"big","standard","cco",4,"haddock_model.wppl",1,1,1,"lastresort","bag2"
"2344","rabbit","box","2",0.633620689655172,"bigger","standard","cco",4,"haddock_model.wppl",1,1,1,"lastresort","box2"
"1513","rabbit","bag","2",0.366379310344828,"bigger","standard","cco",4,"haddock_model.wppl",1,1,1,"lastresort","bag2"
"1514","rabbit","box","2",1,"big","standard","no-cc",4,"haddock_model.wppl",1,1,1,"lastresort","box2"
"1515","rabbit","box","2",1,"bigger","standard","no-cc",4,"haddock_model.wppl",1,1,1,"lastresort","box2"
"1516","rabbit","bag","2",0.5,"big","bumford","cco",4,"haddock_model.wppl",2,1,1,"lastresort","bag2"
"2345","rabbit","box","2",0.5,"big","bumford","cco",4,"haddock_model.wppl",2,1,1,"lastresort","box2"
"1517","rabbit","bag","2",0.5,"big","bumford","no-cc",4,"haddock_model.wppl",2,1,1,"lastresort","bag2"
"2346","rabbit","box","2",0.5,"big","bumford","no-cc",4,"haddock_model.wppl",2,1,1,"lastresort","box2"
"2347","rabbit","box","2",0.508498691429726,"big","standard","cco",4,"haddock_model.wppl",2,1,1,"lastresort","box2"
"1518","rabbit","bag","2",0.491501308570274,"big","standard","cco",4,"haddock_model.wppl",2,1,1,"lastresort","bag2"
"1519","rabbit","box","2",1,"big","standard","no-cc",4,"haddock_model.wppl",2,1,1,"lastresort","box2"
